Ürün İsmi,Marka,Kategori,Alt Kategori
Uludağ Frutti Şeftali Aromalı 6x200 ml Çoklu Paket,Aroma,Gıda Ürünleri,Meyve Suyu / İçecek
Uludağ Frutti Elma Aromalı 6x200 ml Çoklu Paket,Aroma,Gıda Ürünleri,Meyve Suyu / İçecek
Uludağ Frutti Limon Aromalı 6x200 ml Çoklu Paket,Aroma,Gıda Ürünleri,Meyve Suyu / İçecek
Uludağ Frutti Karpuz-Çilek Aromalı 6x200 ml Çoklu Paket,Aroma,Gıda Ürünleri,Meyve Suyu / İçecek
Uludağ Frutti Çilek Aromalı 6x200 ml Çoklu Paket,Aroma,Gıda Ürünleri,Meyve Suyu / İçecek
Uludağ Frutti Narlı 200 ml Cam Şişe,Uludağ,Gıda Ürünleri,Meyve Suyu / İçecek
Uludağ Frutti Şeftali Aromalı 200 ml Cam Şişe,Aroma,Gıda Ürünleri,Meyve Suyu / İçecek
Uludağ Frutti Elma Aromalı 200 ml Cam Şişe,Aroma,Gıda Ürünleri,Meyve Suyu / İçecek
Uludağ Frutti Limon Aromalı 200 ml Cam Şişe,Aroma,Gıda Ürünleri,Meyve Suyu / İçecek
Uludağ Frutti Çilek-Karpuz Aromalı 200 ml Cam Şişe,Aroma,Gıda Ürünleri,Meyve Suyu / İçecek
Uludağ Frutti Çilek Aromalı 200 ml Cam Şişe,Aroma,Gıda Ürünleri,Meyve Suyu / İçecek
Uludağ Premium Doğal Kaynak Suyu 6x250 ml Cam Şişe,Uludağ,Gıda Ürünleri,Diğer Gıda
Assu Mineralli Su 5 lt,Assu,Gıda Ürünleri,Su
Assu Mineralli Su 19 lt Damacana,Assu,Gıda Ürünleri,Su
Assu Mineralli Su 0.5 lt,Assu,Gıda Ürünleri,Su
Büklüce Sofralık Siyah Zeytin, Büklüce,Gıda Ürünleri,Kahvaltılık
Büklüce Doğal Fermente Siyah Zeytin,Fe,Gıda Ürünleri,Kahvaltılık
Büklüce Taş Baskı Siyah Zeytin, Büklüce,Gıda Ürünleri,Kahvaltılık
Büklüce Ev Boyu Sofralık Siyah Zeytin, Büklüce,Gıda Ürünleri,Kahvaltılık
Uludağ Meyvelim Nar 1 L Pet Şişe,Uludağ,Gıda Ürünleri,Diğer Gıda
Uludağ Meyvelim Portakal 1 L Pet Şişe,Uludağ,Gıda Ürünleri,Diğer Gıda
Uludağ Meyvelim Orman Meyveleri 1 L Pet Şişe,Uludağ,Gıda Ürünleri,Diğer Gıda
Uludağ Meyvelim Ananas 1 L Pet Şişe,Uludağ,Gıda Ürünleri,Diğer Gıda
Uludağ Meyvelim Greyfurt 1 L Pet Şişe,Uludağ,Gıda Ürünleri,Diğer Gıda
Uludağ Meyvelim Mandalina 1 L Pet Şişe,Uludağ,Gıda Ürünleri,Diğer Gıda
Uludağ Ramazan Şerbeti 1 L Pet Şişe,Eti,Gıda Ürünleri,Diğer Gıda
Uludağ Limonata Yeşil Limonlu 1 L Pet Şişe,Uludağ,Gıda Ürünleri,Diğer Gıda
Uludağ Limonata Nane Aromalı 1 L Pet Şişe,Aroma,Gıda Ürünleri,Meyve Suyu / İçecek
Uludağ Limonata Şekersiz 2 L Pet Şişe,Eker,Gıda Ürünleri,Diğer Gıda
Uludağ Limonata Şekersiz  1 L Pet Şişe,Eker,Gıda Ürünleri,Diğer Gıda
Uludağ Limonata Şekersiz Cam 250 ml 6′lı Paket,Eker,Gıda Ürünleri,Diğer Gıda
Uludağ Limonata Şekersiz 250 ml Cam Şişe,Eker,Gıda Ürünleri,Diğer Gıda
Uludağ Limonata 2 L Pet Şişe,Uludağ,Gıda Ürünleri,Diğer Gıda
Uludağ Limonata 1 L Pet Şişe,Uludağ,Gıda Ürünleri,Diğer Gıda
Uludağ Limonata 330 ml Pet Şişe,Uludağ,Gıda Ürünleri,Diğer Gıda
Uludağ Limonata 6x250 ml Çoklu Paket,Uludağ,Gıda Ürünleri,Diğer Gıda
Uludağ Frutti Extra Mandalinalı Doğal Zengin Mineralli Gazlı İçecek 250 ml Cam Şişe,Uludağ,Gıda Ürünleri,Meyve Suyu / İçecek
Uludağ Frutti Extra Armutlu Doğal Zengin Mineralli Gazlı İçecek 250 ml Cam Şişe,Uludağ,Gıda Ürünleri,Meyve Suyu / İçecek
Uludağ Frutti Extra Yeşil Limonlu Doğal Zengin Mineralli Gazlı İçecek 250 ml Cam Şişe,Uludağ,Gıda Ürünleri,Meyve Suyu / İçecek
Uludağ Frutti Extra Kavunlu Doğal Zengin Mineralli Gazlı İçecek 250 ml Cam Şişe,Uludağ,Gıda Ürünleri,Meyve Suyu / İçecek
Uludağ Frutti Extra Orman Meyveli Doğal Zengin Mineralli Gazlı İçecek 250 ml Cam Şişe,Uludağ,Gıda Ürünleri,Meyve Suyu / İçecek
Uludağ Frutti C Max Portakal Aromalı 6x200 ml Çoklu Paket,Aroma,Gıda Ürünleri,Meyve Suyu / İçecek
Uludağ Frutti C Max Portakal Aromalı 200 ml Cam Şişe,Aroma,Gıda Ürünleri,Meyve Suyu / İçecek
Uludağ Frutti C Max kivi Aromalı 6x200 ml Çoklu Paket,Aroma,Gıda Ürünleri,Meyve Suyu / İçecek
Uludağ Frutti C Max Kivi Aromalı 200 ml Cam Şişe,Aroma,Gıda Ürünleri,Meyve Suyu / İçecek
Uludağ Frutti C Max Limon Aromalı 6x200 ml Çoklu Paket,Aroma,Gıda Ürünleri,Meyve Suyu / İçecek
Uludağ Frutti C Max Limon Aromalı 200 ml Cam Şişe,Aroma,Gıda Ürünleri,Meyve Suyu / İçecek
Uludağ Frutti Narlı 6x200 ml Çoklu Paket,Uludağ,Gıda Ürünleri,Meyve Suyu / İçecek
Uludağ Limonata 250 ml Cam Şişe,Uludağ,Gıda Ürünleri,Diğer Gıda
Uludağ Limonata 250 ml Pet Şişe,Uludağ,Gıda Ürünleri,Diğer Gıda
Fazz Enerji İçeceği 500 ml, Fazz,Gıda Ürünleri,Diğer Gıda
Fazz Enerji İçeceği 250 ml, Fazz,Gıda Ürünleri,Diğer Gıda
Deep Enerji Kutu 1L Pet Şişe, Deep,Gıda Ürünleri,Diğer Gıda
Deep Enerji Kutu 250 ml, Deep,Gıda Ürünleri,Diğer Gıda
Deep Enerji Kutu 500 ml, Deep,Gıda Ürünleri,Diğer Gıda
"Uludağ Sarı 2,5 L",Uludağ,Gıda Ürünleri,Diğer Gıda
Efsane Uludağ Gazozu Çilek,Uludağ,Gıda Ürünleri,Diğer Gıda
Uludağ Sıfır Tonik Pet 1 Lt 4′lü Paket,Uludağ,Gıda Ürünleri,Diğer Gıda
Uludağ Sıfır Tonik Cam 250 ml 6′lı Paket,Uludağ,Gıda Ürünleri,Diğer Gıda
Uludağ Sıfır Tonik Cam 250 ml,Uludağ,Gıda Ürünleri,Diğer Gıda
Efsane Uludağ Gazozu Portakallı 330 ml Kutu,Uludağ,Gıda Ürünleri,Diğer Gıda
Efsane Uludağ Gazozu Portakallı 6x250 ml Çoklu Paket,Uludağ,Gıda Ürünleri,Diğer Gıda
Efsane Uludağ Gazozu Portakallı 250 ml Cam Şişe,Uludağ,Gıda Ürünleri,Diğer Gıda
Efsane Uludağ Gazozu 4x1 Çoklu Paket,Uludağ,Gıda Ürünleri,Diğer Gıda
"Efsane Uludağ Gazozu 2,5 L Pet Şişe",Uludağ,Gıda Ürünleri,Diğer Gıda
"Efsane Uludağ Gazozu 1,5 L Pet Şişe",Uludağ,Gıda Ürünleri,Diğer Gıda
Efsane Uludağ Gazozu 1L Pet Şişe,Uludağ,Gıda Ürünleri,Diğer Gıda
Efsane Uludağ Gazozu 330 ml Kutu,Uludağ,Gıda Ürünleri,Diğer Gıda
Efsane Uludağ Gazozu 6x250 ml Çoklu Paket,Uludağ,Gıda Ürünleri,Diğer Gıda
Efsane Uludağ Gazozu 250 ml Cam Şişe,Uludağ,Gıda Ürünleri,Diğer Gıda
Uludağ Frutti Extra Yeşil Limon Pet 1 LT 4 lü Paket,Uludağ,Gıda Ürünleri,Meyve Suyu / İçecek
Uludağ Frutti Extra Mandalina Pet 1 LT 4 lü Paket,Uludağ,Gıda Ürünleri,Meyve Suyu / İçecek
Uludağ Frutti Extra Orman Meyveli Pet 1 LT 4 lü Paket,Uludağ,Gıda Ürünleri,Meyve Suyu / İçecek
Uludağ Frutti Extra Kavun Cam 250 ml 6′lı Paket,Uludağ,Gıda Ürünleri,Meyve Suyu / İçecek
Uludağ Frutti Extra Mandalina Cam 250 ml 6′lı Paket,Uludağ,Gıda Ürünleri,Meyve Suyu / İçecek
Uludağ Frutti Extra Yeşil Limon Cam 250 ml 6′lı Paket,Uludağ,Gıda Ürünleri,Meyve Suyu / İçecek
Uludağ Frutti Extra Tropik Cam 250 ml 6′lı Paket,Uludağ,Gıda Ürünleri,Meyve Suyu / İçecek
Uludağ Frutti Extra Armut Cam 250 ml 6′lı Paket,Uludağ,Gıda Ürünleri,Meyve Suyu / İçecek
Uludağ Frutti Extra Orman Meyveleri Cam 250 ml 6′lı Paket,Uludağ,Gıda Ürünleri,Meyve Suyu / İçecek
Uludağ Frutti Extra Yeşil Limonlu Doğal Zengin Mineralli Gazlı İçecek 1 Litre Pet Şişe,Uludağ,Gıda Ürünleri,Meyve Suyu / İçecek
Uludağ Frutti Extra Mandalinalı Doğal Zengin Mineralli Gazlı İçecek 1 Litre Pet Şişe,Uludağ,Gıda Ürünleri,Meyve Suyu / İçecek
Uludağ Frutti Extra Orman Meyveli Doğal Zengin Mineralli Gazlı İçecek 1 Litre Pet Şişe,Uludağ,Gıda Ürünleri,Meyve Suyu / İçecek
Uludağ Frutti Extra Greyfurtlu Doğal Zengin Mineralli Gazlı İçecek 250 ml Cam Şişe,Uludağ,Gıda Ürünleri,Meyve Suyu / İçecek
Uludağ Frutti Extra Tropik Doğal Zengin Mineralli Gazlı İçecek 250 ml Cam Şişe,Uludağ,Gıda Ürünleri,Meyve Suyu / İçecek
Uludağ Premium Doğal Kaynak Suyu 750 ml cam şişe,Uludağ,Gıda Ürünleri,Diğer Gıda
Uludağ Premium Doğal Maden Suyu 250 ml Cam Şişe,Uludağ,Gıda Ürünleri,Diğer Gıda
Uludağ Doğal Maden Suyu 6x200 ml Cam Şişe,Uludağ,Gıda Ürünleri,Diğer Gıda
Uludağ Premium 2 L Pet Şişe,Uludağ,Gıda Ürünleri,Diğer Gıda
Uludağ Premium 330 ml cam şişe,Uludağ,Gıda Ürünleri,Diğer Gıda
Uludağ Doğal Maden Suyu 200 ml cam şişe,Uludağ,Gıda Ürünleri,Diğer Gıda
Uludağ Premium 1 L Pet Şişe,Uludağ,Gıda Ürünleri,Diğer Gıda
Uludağ Premium 400 ml Pet Şişe,Uludağ,Gıda Ürünleri,Diğer Gıda
Tadelle Fındık Dolgulu Sütlü Çikolata,Tadelle,Gıda Ürünleri,Çikolata
Fiskobirlik Nuga 700 gr,Nuga,Gıda Ürünleri,Diğer Gıda
Sarelle Fındık Ezmesi 350 gr,Sarelle,Gıda Ürünleri,Diğer Gıda
Efsane Uludağ Gazozu Zencefil,Uludağ,Gıda Ürünleri,Diğer Gıda
Efsane Uludağ Gazozu Portakallı Şekersiz 1L Pet Şişe,Uludağ,Gıda Ürünleri,Diğer Gıda
Efsane Uludağ Gazozu Portakallı Şekersiz 6x250 ml Cam Şişe,Uludağ,Gıda Ürünleri,Diğer Gıda
Efsane Uludağ Gazozu Portakallı Şekersiz 250 ml Cam Şişe,Uludağ,Gıda Ürünleri,Diğer Gıda
Efsane Uludağ Gazozu Şekersiz 4x1L Çoklu Paket,Uludağ,Gıda Ürünleri,Diğer Gıda
Efsane Uludağ Gazozu Şekersiz 1 L Pet Şişe,Uludağ,Gıda Ürünleri,Diğer Gıda
Efsane Uludağ Gazozu Şekersiz 6x250 ml Çoklu Paket,Uludağ,Gıda Ürünleri,Diğer Gıda
Efsane Uludağ Gazozu Şekersiz 250 Cam Şişe,Uludağ,Gıda Ürünleri,Diğer Gıda
"Efsane Uludağ Gazozu Portakallı 2,5 L Pet Şişe",Uludağ,Gıda Ürünleri,Diğer Gıda
"Efsane Uludağ Gazozu Portakallı 1,5 L Pet Şişe",Uludağ,Gıda Ürünleri,Diğer Gıda
Efsane Uludağ Gazozu Portakallı 4x1 L Çoklu Paket,Uludağ,Gıda Ürünleri,Diğer Gıda
Efsane Uludağ Gazozu Portakallı 1 L Pet Şişe,Uludağ,Gıda Ürünleri,Diğer Gıda
Tamek Meyve Pürem Elma,Tamek,Gıda Ürünleri,Diğer Gıda
Tamek %100 Domates Suyu,Tamek,Gıda Ürünleri,Diğer Gıda
Tamek %100 Elma- Vişne Suyu,Tamek,Gıda Ürünleri,Diğer Gıda
Tamek %100 Karışık Meyve Suyu,Tamek,Gıda Ürünleri,Diğer Gıda
Tamek %100 Portakal Suyu,Tamek,Gıda Ürünleri,Diğer Gıda
Tamek %100 Elma Suyu,Tamek,Gıda Ürünleri,Diğer Gıda
Tamek %100 Şeftali - Elma Suyu,Tamek,Gıda Ürünleri,Diğer Gıda
Tamek Meşhur Kahverengi Şişe Vişne Nektarı,Tamek,Gıda Ürünleri,Diğer Gıda
Tamek Meşhur Kahverengi Şişe Kayısı Nektarı,Tamek,Gıda Ürünleri,Diğer Gıda
Tamek Meşhur Kahverengi Şişe Şeftali Nektarı,Tamek,Gıda Ürünleri,Diğer Gıda
Tamek Karadut İçeceği,Tamek,Gıda Ürünleri,Diğer Gıda
Tamek Armut Meyveli İçecek,Tamek,Gıda Ürünleri,Diğer Gıda
Tamek Portakal Nektarı,Tamek,Gıda Ürünleri,Diğer Gıda
Tamek Vişne Nektarı,Tamek,Gıda Ürünleri,Diğer Gıda
Tamek Karışık Meyve Nektarı,Tamek,Gıda Ürünleri,Diğer Gıda
Tamek Kayısı Nektarı,Tamek,Gıda Ürünleri,Diğer Gıda
Tamek Şeftali Nektarı,Tamek,Gıda Ürünleri,Diğer Gıda
DİMES Kahverengi Şişe Klasik Karışık Meyve Nektarı,Dimes,Gıda Ürünleri,Diğer Gıda
DİMES Kahverengi Şişe Klasik Şeftali Nektarı,Dimes,Gıda Ürünleri,Diğer Gıda
DİMES Kahverengi Şişe Klasik Kayısı Nektarı,Dimes,Gıda Ürünleri,Diğer Gıda
DİMES Kahverengi Şişe Klasik Vişne İçeceği,Dimes,Gıda Ürünleri,Diğer Gıda
DİMES Çiftlikyolu Yağlı Süt,Dimes,Gıda Ürünleri,Diğer Gıda
DİMES Çiftlikyolu Yarım Yağlı Süt,Dimes,Gıda Ürünleri,Diğer Gıda
DİMES Çiftlikyolu Salep,Dimes,Gıda Ürünleri,Sıcak İçecek
DİMES Küçük Prens Kakaolu Süt,Dimes,Gıda Ürünleri,Diğer Gıda
DİMES Küçük Prens Muzlu Süt,Dimes,Gıda Ürünleri,Diğer Gıda
DİMES Küçük Prens Sade Süt,Dimes,Gıda Ürünleri,Diğer Gıda
DİMES Küçük Prens Elma-Muz-Çilek,Dimes,Gıda Ürünleri,Diğer Gıda
DİMES Geleneksel Osmanlı Şırası,Aslı,Gıda Ürünleri,Diğer Gıda
DİMES Buzz Şeftali,Dimes,Gıda Ürünleri,Diğer Gıda
DİMES Buzz Limon,Dimes,Gıda Ürünleri,Diğer Gıda
DİMES Şekersiz Limonata,Eker,Gıda Ürünleri,Diğer Gıda
DİMES Sade Limonata,Atak,Gıda Ürünleri,Diğer Gıda
DİMES Go Kayısı,Dimes,Gıda Ürünleri,Diğer Gıda
DİMES Go Şeftali,Dimes,Gıda Ürünleri,Diğer Gıda
DİMES Go Vişne,Dimes,Gıda Ürünleri,Diğer Gıda
DİMES Go Karışık,Dimes,Gıda Ürünleri,Diğer Gıda
DİMES 7/24 Tahıllı,Dimes,Gıda Ürünleri,Diğer Gıda
DİMES Özel Seri Rende Elma,Dimes,Gıda Ürünleri,Diğer Gıda
DİMES Özel Seri Xpress C,Dimes,Gıda Ürünleri,Diğer Gıda
DİMES Özel Seri Sofram,Dimes,Gıda Ürünleri,Diğer Gıda
DİMES Premium %100 Domates Suyu,Dimes,Gıda Ürünleri,Diğer Gıda
DİMES Premium %100 Üzüm Suyu,Dimes,Gıda Ürünleri,Diğer Gıda
DİMES Premium %100 Nar Suyu,Dimes,Gıda Ürünleri,Diğer Gıda
DİMES Premium %100 Kırmızı Karışık Meyveler,Dimes,Gıda Ürünleri,Diğer Gıda
DİMES Premium %100 Elma Suyu,Dimes,Gıda Ürünleri,Diğer Gıda
DİMES Premium %100 Portakal Suyu,Dimes,Gıda Ürünleri,Diğer Gıda
DİMES Premium %100 Elma-Şeftali Suyu,Dimes,Gıda Ürünleri,Diğer Gıda
Aroma Limon Aromalı Doğal Mineralli Gazlı İçecek,Aroma,Gıda Ürünleri,Meyve Suyu / İçecek
Aroma %100 Portakal Suyu,Aroma,Gıda Ürünleri,Diğer Gıda
Aroma %100 Mango Elma Suyu,Aroma,Gıda Ürünleri,Diğer Gıda
Aroma %100 Karışık Meyve Suyu,Aroma,Gıda Ürünleri,Diğer Gıda
Aroma %100 Domates Suyu,Aroma,Gıda Ürünleri,Diğer Gıda
Aroma %100 Elma Suyu,Aroma,Gıda Ürünleri,Diğer Gıda
Aroma %100 Nar Elma Suyu,Aroma,Gıda Ürünleri,Diğer Gıda
Aroma %100 Vişne-Elma Suyu,Aroma,Gıda Ürünleri,Diğer Gıda
Aroma %100 Kayısı-Elma Suyu,Aroma,Gıda Ürünleri,Diğer Gıda
Aroma %100 Şeftali-Elma Suyu,Aroma,Gıda Ürünleri,Diğer Gıda
Doğuş Karadeniz Export Çay, Doğuş,Gıda Ürünleri,Sıcak İçecek
Doğuş Bergamot Aromalı Çay, Doğuş,Gıda Ürünleri,Meyve Suyu / İçecek
Çaykur Organik Hemşin Demlik Poşet Çayı,Çaykur,Gıda Ürünleri,Diğer Gıda
Çaykur Organik Hemşin Çayı,Çaykur,Gıda Ürünleri,Diğer Gıda
Çaykur Beyaz İksir,Çaykur,Gıda Ürünleri,Diğer Gıda
Çaykur Burcum Yeşil Çay,Çaykur,Gıda Ürünleri,Sıcak İçecek
Çaykur Yaprak Yeşil Çay (Naneli),Çaykur,Gıda Ürünleri,Sıcak İçecek
Çaykur Yeşil Süzen Çay Elmalı,Çaykur,Gıda Ürünleri,Sıcak İçecek
Çaykur Yeşil Süzen Çay Limonlu,Çaykur,Gıda Ürünleri,Sıcak İçecek
Çaykur Yeşil Süzen Çay Melisalı,Çaykur,Gıda Ürünleri,Sıcak İçecek
Çaykur Yeşil Süzen Çay Naneli,Çaykur,Gıda Ürünleri,Sıcak İçecek
Çaykur Yeşil Süzen Çay Sade,Çaykur,Gıda Ürünleri,Sıcak İçecek
Çaykur Demlik Süzen Poşet Çay,Çaykur,Gıda Ürünleri,Sıcak İçecek
Çaykur Tomurcuk Çay,Çaykur,Gıda Ürünleri,Sıcak İçecek
Çaykur DİDİ Limon Aromalı 1Lt. Tetrapak,Çaykur,Gıda Ürünleri,Meyve Suyu / İçecek
Çaykur DİDİ Limon Aromalı 1 Lt.,Çaykur,Gıda Ürünleri,Meyve Suyu / İçecek
Çaykur DİDİ Şeftali Aromalı 1 Lt.,Çaykur,Gıda Ürünleri,Meyve Suyu / İçecek
Çaykur DİDİ Bergamot Aromalı 1Lt.,Çaykur,Gıda Ürünleri,Meyve Suyu / İçecek
Çaykur DİDİ Bergamot Aromalı 1.5 Lt.,Çaykur,Gıda Ürünleri,Meyve Suyu / İçecek
Çaykur DİDİ Şeftali Aromalı 1.5 Lt.,Çaykur,Gıda Ürünleri,Meyve Suyu / İçecek
Çaykur DİDİ Limon Aromalı 1.5 Lt.,Çaykur,Gıda Ürünleri,Meyve Suyu / İçecek
Çaykur DİDİ Bergamot Aromalı 2.5 lt,Çaykur,Gıda Ürünleri,Meyve Suyu / İçecek
Çaykur DİDİ Şeftali Aromalı 2.5 lt,Çaykur,Gıda Ürünleri,Meyve Suyu / İçecek
Çaykur DİDİ Limon Aromalı 2.5 lt,Çaykur,Gıda Ürünleri,Meyve Suyu / İçecek
Çaykur Organik Zümrüt Yeşil Çay,Çaykur,Gıda Ürünleri,Sıcak İçecek
Çaykur Organik Rize Çayı,Çaykur,Gıda Ürünleri,Diğer Gıda
Doğuş Tiryaki Karadeniz Çayı,Doğuş,Gıda Ürünleri,Diğer Gıda
Doğuş Karadeniz Çayı,Doğuş,Gıda Ürünleri,Diğer Gıda
Doğuş Geleneksel Rize Çay, Doğuş,Gıda Ürünleri,Sıcak İçecek
Doğuş Gurme Çay, Doğuş,Gıda Ürünleri,Sıcak İçecek
Doğuş Filiz Çayı,Doğuş,Gıda Ürünleri,Diğer Gıda
Çaykur DİDİ Mini 250 ml Çilek Aromalı,Çaykur,Gıda Ürünleri,Meyve Suyu / İçecek
Çaykur DİDİ Mini 250 ml Şeftali Aromalı,Çaykur,Gıda Ürünleri,Meyve Suyu / İçecek
Çaykur DİDİ Mini 250 ml Limon Aromalı,Çaykur,Gıda Ürünleri,Meyve Suyu / İçecek
Çaykur DİDİ 500 ml Bergamot Aromalı,Çaykur,Gıda Ürünleri,Meyve Suyu / İçecek
Çaykur DİDİ 500 ml Şeftali Aromalı,Çaykur,Gıda Ürünleri,Meyve Suyu / İçecek
Çaykur DİDİ 500 ml Limon Aromalı,Çaykur,Gıda Ürünleri,Meyve Suyu / İçecek
Çaykur DİDİ Şeftali Aromalı 1 Lt. Tetrapak,Çaykur,Gıda Ürünleri,Meyve Suyu / İçecek
Sarelle Kakaolu Fındık Ezmesi 700 gr,Sarelle,Gıda Ürünleri,Diğer Gıda
Kahve Dünyası 3ü 1 Arada Klasik 100 gr,Kahve Dünyası,Gıda Ürünleri,"('Kahve', 'Sıcak İçecek')"
Beyoğlu Çikolatacısı Fındıklı Sütlü Çikolata 100 gr,Beyoğlu,Gıda Ürünleri,Çikolata
L’era Fresca Limonlu Sorbe,L’era Fresca,Gıda Ürünleri,Diğer Gıda
L’era Fresca Çikolatalı Hindistan Cevizli Dondurma,L’era Fresca,Gıda Ürünleri,Diğer Gıda
L’era Fresca Çilekli Sorbe,L’era Fresca,Gıda Ürünleri,Diğer Gıda
L’era Fresca Tahin Cevizli Dondurma,L’era Fresca,Gıda Ürünleri,Diğer Gıda
L’era Fresca Sütlü Çikolatalı Dondurma,L’era Fresca,Gıda Ürünleri,Diğer Gıda
L’era Fresca Sade Dondurma,L’era Fresca,Gıda Ürünleri,Diğer Gıda
L’era Fresca Fındıklı Dondurma,L’era Fresca,Gıda Ürünleri,Diğer Gıda
L’era Fresca Bitter Çikolatalı Dondurma,L’era Fresca,Gıda Ürünleri,Diğer Gıda
L’era Fresca Antep Fıstıklı Dondurma,L’era Fresca,Gıda Ürünleri,Diğer Gıda
DİMES Premium %100 Elma-Vişne Suyu,Dimes,Gıda Ürünleri,Diğer Gıda
DİMES Premium %100 Ananas Suyu,Dimes,Gıda Ürünleri,Diğer Gıda
DİMES Premium %100 Karışık Meyveler,Dimes,Gıda Ürünleri,Diğer Gıda
DİMES Moments Sıkma Nar,Dimes,Gıda Ürünleri,Diğer Gıda
DİMES Moments Sıkma Elma,Dimes,Gıda Ürünleri,Diğer Gıda
DİMES Moments Sıkma Portakal,Akbal,Gıda Ürünleri,Diğer Gıda
Aroma Şeftali Aromalı Gazlı İçecek,Aroma,Gıda Ürünleri,Meyve Suyu / İçecek
Aroma Mandalinalı Gazlı İçecek,Aroma,Gıda Ürünleri,Diğer Gıda
Aroma Ahududu Aromalı Gazlı İçecek,Aroma,Gıda Ürünleri,Meyve Suyu / İçecek
Aroma Limon Aromalı C Plus Doğal Mineralli Gazlı İçecek,Aroma,Gıda Ürünleri,Meyve Suyu / İçecek
Aroma Vişne Aromalı Doğal Mineralli Gazlı İçecek,Aroma,Gıda Ürünleri,Meyve Suyu / İçecek
Aroma Elma Aromalı Doğal Mineralli Gazlı İçecek,Aroma,Gıda Ürünleri,Meyve Suyu / İçecek
Tamek Coffeeto Cappuccino,Tamek,Gıda Ürünleri,Diğer Gıda
Tamek Coffeeto Vanilya,Tamek,Gıda Ürünleri,Diğer Gıda
Tamek Coffeeto Klasik,Tamek,Gıda Ürünleri,Diğer Gıda
Tamek Soğuk Çay Şeftali,Tamek,Gıda Ürünleri,Sıcak İçecek
Tamek Soğuk Çay Limon,Tamek,Gıda Ürünleri,Sıcak İçecek
Tamek Ananas Aromalı İçecek,Tamek,Gıda Ürünleri,Meyve Suyu / İçecek
Tamek Mango Aromalı İçecek,Tamek,Gıda Ürünleri,Meyve Suyu / İçecek
Tamek Tanelim,Tamek,Gıda Ürünleri,Diğer Gıda
Tamek Saray Şerbeti,Tamek,Gıda Ürünleri,Diğer Gıda
Tamek Limonatam,Tamek,Gıda Ürünleri,Diğer Gıda
"Tamek Meyve Pürem Armut, Elma, Çilek",Tamek,Gıda Ürünleri,Diğer Gıda
"Tamek Meyve Pürem Elma, Şeftali",Tamek,Gıda Ürünleri,Diğer Gıda
Tadelle Bitter Çikolata Kaplamalı Kakaolu Gofret 35 g,Tadelle,Gıda Ürünleri,Çikolata
Tadelle Beyaz Çikolata Kaplamalı Süt Krema Dolgulu Gofret 35 g,Tadelle,Gıda Ürünleri,Çikolata
Tadelle King Size Fındık Dolgulu Sütlü Çikolata 52 g,Tadelle,Gıda Ürünleri,Çikolata
Tadelle King Size Fındık Dolgulu Sütlü Çikolata 40 g,Tadelle,Gıda Ürünleri,Çikolata
Tadelle Beyaz  Çikolata Kaplı  Fındık Dolgulu  Sütlü Çikolata 30 g,Tadelle,Gıda Ürünleri,Çikolata
Tadelle Fındık Dolgulu Bitter Çikolata 30 g,Tadelle,Gıda Ürünleri,Çikolata
Tadelle Fındık Dolgulu Sütlü Çikolata 30 g,Tadelle,Gıda Ürünleri,Çikolata
Kurukahveci Mehmet Efendi - KAKAO 250 g,Kurukahveci Mehmet Efendi,Gıda Ürünleri,Diğer Gıda
Kurukahveci Mehmet Efendi - ESPRESSO (ÇEKİRDEK) 500 / 1000 g,Kurukahveci Mehmet Efendi,Gıda Ürünleri,Diğer Gıda
Kurukahveci Mehmet Efendi - ESPRESSO 250 g,Kurukahveci Mehmet Efendi,Gıda Ürünleri,Diğer Gıda
Kurukahveci Mehmet Efendi - Press Pot,Kurukahveci Mehmet Efendi,Gıda Ürünleri,Diğer Gıda
Kurukahveci Mehmet Efendi - COLOMBIAN FİLTRE KAHVE (ÇEKİRDEK) 500 / 1000 g,Kurukahveci Mehmet Efendi,Gıda Ürünleri,"('Kahve', 'Sıcak İçecek')"
Besler Ona Mısırözü Yağı,Besler,Gıda Ürünleri,Diğer Gıda
Besler Ona Ayçiçek Yağı Teneke,Besler,Gıda Ürünleri,Diğer Gıda
Besler Ona Ayçiçek Yağı,Besler,Gıda Ürünleri,Diğer Gıda
Besler Sabah Margarin,Besler,Gıda Ürünleri,Diğer Gıda
Besler Hüner Margarin,Besler,Gıda Ürünleri,Diğer Gıda
Besler Halk Kase Margarin,Besler,Gıda Ürünleri,Diğer Gıda
Besler Halk Margarin,Besler,Gıda Ürünleri,Diğer Gıda
Besler Yayla Kase Margarin,Besler,Gıda Ürünleri,Diğer Gıda
Besler Yayla Margarin,Besler,Gıda Ürünleri,Diğer Gıda
Besler Luna Klasik,Besler,Gıda Ürünleri,Diğer Gıda
Besler Bizim Mısırözü Yağı Besler,Eker,Gıda Ürünleri,Diğer Gıda
Besler Bizim Mısırözü Yağı,Besler,Gıda Ürünleri,Diğer Gıda
Aynes VİŞNE KOMPOSTOSU,Aynes,Gıda Ürünleri,Diğer Gıda
Aynes ŞEFTALİ KOMPOSTOSU,Aynes,Gıda Ürünleri,Diğer Gıda
Aynes TAM YAĞLI KREMA,Aynes,Gıda Ürünleri,Diğer Gıda
Aynes RULO TEREYAĞI,Aynes,Gıda Ürünleri,Diğer Gıda
Aynes ŞİŞE AYRAN,Aynes,Gıda Ürünleri,Diğer Gıda
Aynes BARDAK AYRAN,Aynes,Gıda Ürünleri,Diğer Gıda
Aynes MEYVELİ YOĞURT,Aynes,Gıda Ürünleri,Diğer Gıda
Aynes SÜZME YOĞURT,Aynes,Gıda Ürünleri,Diğer Gıda
Aynes KAYMAKSIZ YOĞURT,Aynes,Gıda Ürünleri,Diğer Gıda
Aynes KAYMAKLI YOĞURT,Aynes,Gıda Ürünleri,Diğer Gıda
Aynes SÜRÜLEBİLİR BEYAZ PEYNİR,Aynes,Gıda Ürünleri,Diğer Gıda
Aynes DİLİMLİ KAŞAR PEYNİRİ,Aynes,Gıda Ürünleri,Diğer Gıda
Kafkas Kestane Şekeri Bütün Pls Kap 1000 Gr,Kafkas,Gıda Ürünleri,Diğer Gıda
Kafkas Kestane Şekeri Sade Büyük 650 Gr,Kafkas,Gıda Ürünleri,Diğer Gıda
Kafkas Saray Helvası Vanilyalı 300 Gr,Kafkas,Gıda Ürünleri,Diğer Gıda
Kafkas Saray Helvası Çikolata Kaplı 350 Gr,Kafkas,Gıda Ürünleri,Çikolata
Kafkas Pişmaniye Vanilya-Kakao 450 Gr,Kafkas,Gıda Ürünleri,Diğer Gıda
Kafkas Pişmaniye ve Saray Helva Çeşitleri 600 Gr,Kafkas,Gıda Ürünleri,Diğer Gıda
Kafkas Krokan Antep Fıstıklı 35 Gr,Kafkas,Gıda Ürünleri,Diğer Gıda
Kafkas Krokan Fındıklı 45 Gr,Kafkas,Gıda Ürünleri,Diğer Gıda
Kafkas Dolgulu Meyve Kuru Kayısı 8 li,Kafkas,Gıda Ürünleri,Diğer Gıda
Kafkas Kestane Şekeri 8 li Bitter Çikolata Kaplı,Kafkas,Gıda Ürünleri,Çikolata
Kafkas Kestaneli Şekerlemesi Dolgulu 240 Gr,Kafkas,Gıda Ürünleri,Diğer Gıda
Çaykur Rize Turist Çayı,Çaykur,Gıda Ürünleri,Diğer Gıda
Çaykur Bergamot Aromalı Karadeniz Çayı,Çaykur,Gıda Ürünleri,Meyve Suyu / İçecek
Çaykur Tiryaki Çayı,Çaykur,Gıda Ürünleri,Diğer Gıda
Çaykur Filiz Çayı,Çaykur,Gıda Ürünleri,Diğer Gıda
Çaykur Altınbaş,Çaykur,Gıda Ürünleri,Diğer Gıda
Çaykur Ramazan Çayı,Çaykur,Gıda Ürünleri,Diğer Gıda
Çaykur Tamdem Bergamot Aromalı Çay,Aroma,Gıda Ürünleri,Meyve Suyu / İçecek
Kafkas Kestane Şekeri Cevizli 550 Gr,Kafkas,Gıda Ürünleri,Diğer Gıda
Kafkas Kestane Şekeri Çikolatalı Büyük 560 Gr,Kafkas,Gıda Ürünleri,Diğer Gıda
Kafkas Kestane Şekeri Baraklı Tuğra Teneke,Kafkas,Gıda Ürünleri,Diğer Gıda
Kafkas Kestane Şekeri Baraklı Bursa Teneke,Kafkas,Gıda Ürünleri,Diğer Gıda
Kafkas Kestane Şekeri Fantezi 1000 Gr,Kafkas,Gıda Ürünleri,Diğer Gıda
Bifa Bisküvi STORM Snowcap - Hindistan Cevizli Çilekli Kakaolu Kek,Bifa Bisküvi,Gıda Ürünleri,Kraker / Bisküvi
Bifa Bisküvi STORM Snowcap - Hindistan Cevizli Kakaolu Kek,Bifa Bisküvi,Gıda Ürünleri,Kraker / Bisküvi
Adatepe Doğal Zeytinyağı Sabunu 135 gr.,Adatepe Doğal Zeytinyağı Sabunu 135 gr.,Gıda Ürünleri,Diğer Gıda
Adatepe Çizik Yeşil Salamura Zeytin,Adatepe,Gıda Ürünleri,Kahvaltılık
Adatepe Oval Teneke Naturel Sızma Zeytinyağı 500 ml,Adatepe,Gıda Ürünleri,Diğer Gıda
Adatepe Ekonomik Boy Teneke Naturel sızma Zeytinyağı 2 lt,Adatepe,Gıda Ürünleri,Diğer Gıda
Adatepe Köşeli Şişe Naturel Sızma Zeytinyağı 1lt,Adatepe,Gıda Ürünleri,Diğer Gıda
Tadelle Sütlü Çikolata Kaplamalı  Gofretli Fındıklı Granül Bar 32 g,Tadelle,Gıda Ürünleri,Çikolata
Tadelle 3'lü Poşet Fındık Dolgulu Sütlü Çikolata,Tadelle,Gıda Ürünleri,Çikolata
Tadelle 3'lü Poşet Fındık Dolgulu Sütlü Çikolata (30 g x 3 adet Fındık Dolgulu Sütlü Çikolata),Tadelle,Gıda Ürünleri,Çikolata
Tadelle Fındık Dolgulu Şekersiz Sütlü Çikolata 20 g,Tadelle,Gıda Ürünleri,Çikolata
Tadelle Sütlü Çikolata Kaplamalı Fındık Kremalı Gofret 35 g,Tadelle,Gıda Ürünleri,Çikolata
Aytaç Çiftlik Açık Dana Kangal Sucuk,Aytaç,Gıda Ürünleri,Diğer Gıda
Aytaç Çiftlik Piliç Salam 850 Gr,Aytaç,Gıda Ürünleri,Diğer Gıda
Aytaç Dilimli Kavurma,Aytaç,Gıda Ürünleri,Diğer Gıda
Aytaç Piliç Blok Jambon,Aytaç,Gıda Ürünleri,Diğer Gıda
Aytaç Dana Jambon,Aytaç,Gıda Ürünleri,Diğer Gıda
Aytaç Blok Kavurma,Aytaç,Gıda Ürünleri,Diğer Gıda
Aytaç Keyifli Et Lokmaları - Sade,Aytaç,Gıda Ürünleri,Diğer Gıda
Aytaç Keyifli Et Lokmaları - Kekikli,Aytaç,Gıda Ürünleri,Diğer Gıda
Aytaç Keyifli Et Lokmaları - Karabiberli,Aytaç,Gıda Ürünleri,Diğer Gıda
Aytaç Dana Kokteyl Sosis,Aytaç,Gıda Ürünleri,Diğer Gıda
Aytaç Piliç Kokteyl Sosis,Aytaç,Gıda Ürünleri,Diğer Gıda
Aytaç Dana Sosis 9'lu,Aytaç,Gıda Ürünleri,Diğer Gıda
Balparmak Monoflora Serisi,Balparmak,Gıda Ürünleri,Diğer Gıda
Balparmak Yöresel Serisi,Balparmak,Gıda Ürünleri,Diğer Gıda
Balparmak Süzme Çam Balı,Balparmak,Gıda Ürünleri,Diğer Gıda
Balparmak Süzme Çiçek Yayla ve Ova Balı,Balparmak,Gıda Ürünleri,Diğer Gıda
Balparmak Süzme Çiçek Yayla Balı,Balparmak,Gıda Ürünleri,Diğer Gıda
Balparmak Çıt Kapak Süzme Çiçek Balı 600 g (Özel Seçim),Balparmak,Gıda Ürünleri,Diğer Gıda
Balparmak Çıt Kapak Süzme Çiçek Balı 350 g (Özel Seçim),Balparmak,Gıda Ürünleri,Diğer Gıda
Balparmak Kavanoz Süzme Çiçek Balı 460 g (Özel Seçim),Balparmak,Gıda Ürünleri,Diğer Gıda
Balparmak Kavanoz Süzme Çiçek Balı 225 g (Özel Seçim),Balparmak,Gıda Ürünleri,Diğer Gıda
Bifa Bisküvi FENOMEN,Bifa,Gıda Ürünleri,Kraker / Bisküvi
Bifa Bisküvi RAUND,Bifa Bisküvi,Gıda Ürünleri,Kraker / Bisküvi
Bifa Bisküvi STORM Snowcap - Kakao Granüllü Kek,Bifa Bisküvi,Gıda Ürünleri,Kraker / Bisküvi
Aynes BARBIE ÇİLEK AROMALI SÜT,Aynes,Gıda Ürünleri,Diğer Gıda
Aynes Kahvaltılık Süt,Aynes,Gıda Ürünleri,Diğer Gıda
Aynes Uzun Ömürlü Süt,Aynes,Gıda Ürünleri,Diğer Gıda
Aytaç Çiftlik Dilimli Kavurma,Aytaç,Gıda Ürünleri,Diğer Gıda
Aytaç Çiftlik Blok Kavurma,Aytaç,Gıda Ürünleri,Diğer Gıda
Aytaç Çiftlik Piliç Kokteyl Sosis 450 gr,Aytaç,Gıda Ürünleri,Diğer Gıda
Aytaç Çiftlik Piliç Kokteyl Sosis 225 gr,Aytaç,Gıda Ürünleri,Diğer Gıda
Aytaç Çiftlik Dana Kahvaltılık Salam,Aytaç,Gıda Ürünleri,Diğer Gıda
Aytaç Çiftlik Piliç Salam 600 Gr,Aytaç,Gıda Ürünleri,Diğer Gıda
Aytaç Çiftlik Piliç Baton Sucuk,Aytaç,Gıda Ürünleri,Diğer Gıda
Aytaç Çiftlik Dana Kangal Sucuk,Aytaç,Gıda Ürünleri,Diğer Gıda
Aytaç Çiftlik Piliç Kangal Sucuk,Aytaç,Gıda Ürünleri,Diğer Gıda
Besler Bizim Ayçiçek Yağı Teneke,Besler,Gıda Ürünleri,Diğer Gıda
Besler Bizim Ayçiçek Yağı,Besler,Gıda Ürünleri,Diğer Gıda
Besler Bizim Yağ Kase,Besler,Gıda Ürünleri,Diğer Gıda
Besler Bizim Yağ Paket Yağ,Besler,Gıda Ürünleri,Diğer Gıda
Besler Teremyağ Gurme Kaymaklı,Besler,Gıda Ürünleri,Diğer Gıda
Besler Teremyağ Klasik Kase,Besler,Gıda Ürünleri,Diğer Gıda
Besler  Teremyağ Klasik Paket 250 Gr,Besler,Gıda Ürünleri,Diğer Gıda
Balparmak 7’li Piknik,Balparmak,Gıda Ürünleri,Diğer Gıda
Balparmak Katla Balla,Balparmak,Gıda Ürünleri,Diğer Gıda
Balparmak Çocuk Grubu,Balparmak,Gıda Ürünleri,Diğer Gıda
Balparmak Balkovan,Balparmak,Gıda Ürünleri,Diğer Gıda
Balparmak Binbirçiçek,Balparmak,Gıda Ürünleri,Diğer Gıda
Aytaç Dilimli Piliç Sucuk,Aytaç,Gıda Ürünleri,Diğer Gıda
Aytaç Piliç Sucuk - Acılı,Aytaç,Gıda Ürünleri,Diğer Gıda
Aytaç Piliç Sucuk,Aytaç,Gıda Ürünleri,Diğer Gıda
Aytaç Dana Parmak Sucuk,Aytaç,Gıda Ürünleri,Diğer Gıda
Aytaç Mangal Keyfi Dana Sucuk,Aytaç,Gıda Ürünleri,Diğer Gıda
Aytaç Geleneksel Dana Kangal Sucuk,Aytaç,Gıda Ürünleri,Diğer Gıda
Aytaç Klasik Dana Sucuk - Acılı,Aytaç,Gıda Ürünleri,Diğer Gıda
Aytaç Klasik Dana Sucuk,Aytaç,Gıda Ürünleri,Diğer Gıda
Aytaç Gurme Dana Sucuk - Acılı,Aytaç,Gıda Ürünleri,Diğer Gıda
Aytaç Gurme Dana Sucuk,Aytaç,Gıda Ürünleri,Diğer Gıda
Aytaç Çerkeş Dana Sucuk Dilimli,Aytaç,Gıda Ürünleri,Diğer Gıda
Aytaç Çerkeş Dana Sucuk - Acılı,Aytaç,Gıda Ürünleri,Diğer Gıda
Saray Bisküvi - Powernut  3'lü,Saray Bisküvi,Gıda Ürünleri,Kraker / Bisküvi
Saray Bisküvi - Powernut,Saray Bisküvi,Gıda Ürünleri,Kraker / Bisküvi
Saray Bisküvi - Finger,Saray Bisküvi,Gıda Ürünleri,Kraker / Bisküvi
Saray Bisküvi - Susamlı,Saray Bisküvi,Gıda Ürünleri,Kraker / Bisküvi
Saray Bisküvi - Prens Vanilya Aromalı Kremalı Sandviç Bisküvi,Saray Bisküvi,Gıda Ürünleri,Meyve Suyu / İçecek
Saray Bisküvi - Prens Kakaolu Fındıklı Kremalı Sand. Bisküvi,Saray Bisküvi,Gıda Ürünleri,Kraker / Bisküvi
Saray Bisküvi - Prens Kakao Kremalı Sandviç Bisküvi,Saray Bisküvi,Gıda Ürünleri,Kraker / Bisküvi
Saray Bisküvi - Prens Kakaolu 500 gr,Saray Bisküvi,Gıda Ürünleri,Kraker / Bisküvi
Saray Bisküvi - Prens Vanilyalı 500 gr,Saray Bisküvi,Gıda Ürünleri,Kraker / Bisküvi
Saray Bisküvi - Prens Muzlu 200 gr,Saray Bisküvi,Gıda Ürünleri,Kraker / Bisküvi
Saray Bisküvi - Prens Çilekli 200 gr,Saray Bisküvi,Gıda Ürünleri,Kraker / Bisküvi
Saray Bisküvi - Prens Kakaolu 200 gr,Saray Bisküvi,Gıda Ürünleri,Kraker / Bisküvi
Aytaç Çerkeş Dana Sucuk,Aytaç,Gıda Ürünleri,Diğer Gıda
Aytaç Geleneksel Dana Sucuk,Aytaç,Gıda Ürünleri,Diğer Gıda
Aytaç Tam Tostluk Piliç Kare Sucuk - 4 Dilim,Aytaç,Gıda Ürünleri,Diğer Gıda
Aytaç Tam Tostluk Piliç Kare Sucuk - 7 Dilim,Aytaç,Gıda Ürünleri,Diğer Gıda
Aytaç Tam Tostluk Dana Kare Sucuk - 4 Dilim,Aytaç,Gıda Ürünleri,Diğer Gıda
Aytaç Tam Tostluk Dana Kare Sucuk - 7 Dilim,Aytaç,Gıda Ürünleri,Diğer Gıda
Aytaç Şipşak Piliç Kokteyl Sosis,Aytaç,Gıda Ürünleri,Diğer Gıda
Aytaç Şipşak Dana Baton Sucuk,Aytaç,Gıda Ürünleri,Diğer Gıda
Aytaç Şipşak Dilimli Macar Salam,Aytaç,Gıda Ürünleri,Diğer Gıda
Aytaç Şipşak Dilimli Piliç Salam,Aytaç,Gıda Ürünleri,Diğer Gıda
Saray Bisküvi - Offtime 3'lü,Saray Bisküvi,Gıda Ürünleri,Kraker / Bisküvi
Saray Bisküvi - Offtime,Saray Bisküvi,Gıda Ürünleri,Kraker / Bisküvi
Torku %100 Sıkma Üzüm Suyu - 250 ml,Torku,Gıda Ürünleri,Diğer Gıda
Torku Bordo Limonlu Acılı Şalgam Suyu - 1000 ml,Torku,Gıda Ürünleri,Diğer Gıda
Torku Bordo Limonlu Acılı Şalgam Suyu - 330 ml,Torku,Gıda Ürünleri,Diğer Gıda
Torku Bordo Şalgam Suyu - 1000 ml (Cam Şişe),Torku,Gıda Ürünleri,Diğer Gıda
Torku Bordo Şalgam Suyu - 1000 ml,Torku,Gıda Ürünleri,Diğer Gıda
Torku Bordo Şalgam Suyu - 330 ml,Torku,Gıda Ürünleri,Diğer Gıda
Torku Bordo Şalgam Suyu - 250 ml (Cam Şişe),Torku,Gıda Ürünleri,Diğer Gıda
Torku Bordo Acılı Şalgam Suyu - 1000 ml (Cam Şişe),Torku,Gıda Ürünleri,Diğer Gıda
Torku Bordo Acılı Şalgam Suyu - 1000 ml,Torku,Gıda Ürünleri,Diğer Gıda
Torku Bordo Acılı Şalgam Suyu - 330 ml,Torku,Gıda Ürünleri,Diğer Gıda
Torku Bordo Acılı Şalgam Suyu - 250 ml (Cam Şişe),Torku,Gıda Ürünleri,Diğer Gıda
Torku Limonata - 1000 ml,Torku,Gıda Ürünleri,Diğer Gıda
Torku Limonata - 250 ml,Torku,Gıda Ürünleri,Diğer Gıda
Torku Tam Buğday Unlu Kraker,Torku,Gıda Ürünleri,Kraker / Bisküvi
Torku Tatkrak Peynirli Kraker - 100 gr,Torku,Gıda Ürünleri,Kraker / Bisküvi
Torku Tatkrak Peynirli Kraker - 40 gr,Torku,Gıda Ürünleri,Kraker / Bisküvi
Torku Tatkrak Baharatlı Kraker - 100 gr,Torku,Gıda Ürünleri,Kraker / Bisküvi
Torku Tatkrak Baharatlı Kraker - 40 gr,Torku,Gıda Ürünleri,Kraker / Bisküvi
Torku Susamlı Çubuk Kraker - 45 gr,Torku,Gıda Ürünleri,Kraker / Bisküvi
Torku Susamlı Çubuk Kraker - 136 gr,Torku,Gıda Ürünleri,Kraker / Bisküvi
Torku Baharatlı Çubuk Kraker - 45 gr,Torku,Gıda Ürünleri,Kraker / Bisküvi
Torku Baharatlı Çubuk Kraker - 120 gr,Torku,Gıda Ürünleri,Kraker / Bisküvi
Torku Peynirli Çubuk Kraker - 120 gr,Torku,Gıda Ürünleri,Kraker / Bisküvi
Torku Peynirli Çubuk Kraker - 45 gr,Torku,Gıda Ürünleri,Kraker / Bisküvi
Saray Bisküvi - LoveIT Kek - Frambuaz Kremalı,Saray Bisküvi,Gıda Ürünleri,Kraker / Bisküvi
Saray Bisküvi - LoveIT Kek - Kakaolu,Saray Bisküvi,Gıda Ürünleri,Kraker / Bisküvi
Saray Bisküvi - LoveIT Kek - Lİmon Aromalı,Saray Bisküvi,Gıda Ürünleri,Meyve Suyu / İçecek
Saray Bisküvi - Chocolips - 3'lü Paket,Saray Bisküvi,Gıda Ürünleri,Kraker / Bisküvi
Saray Bisküvi - Chocolips,Saray Bisküvi,Gıda Ürünleri,Kraker / Bisküvi
Torku Kırmızı Şerbet - 1 lt,Torku,Gıda Ürünleri,Diğer Gıda
Torku Kırmızı Şerbet  - 250 ml,Torku,Gıda Ürünleri,Diğer Gıda
Torku Yeşil Şerbet - 1 lt,Torku,Gıda Ürünleri,Diğer Gıda
Torku Yeşil Şerbet - 250 ml,Torku,Gıda Ürünleri,Diğer Gıda
Torku %100 Sıkma Elma Suyu - 1 lt,Torku,Gıda Ürünleri,Diğer Gıda
Torku %100 Sıkma Elma Suyu - 250 ml,Torku,Gıda Ürünleri,Diğer Gıda
Torku %100 Sıkma Üzüm Suyu - 1 lt,Torku,Gıda Ürünleri,Diğer Gıda
Aynes KAŞAR,Aynes,Gıda Ürünleri,Diğer Gıda
Aynes KLASİK BEYAZ PEYNİR,Aynes,Gıda Ürünleri,Diğer Gıda
Aynes LOKUM KIVAMINDA BEYAZ PEYNİR,Aynes,Gıda Ürünleri,Diğer Gıda
Aynes 1kg BEYAZ PEYNİR,Aynes,Gıda Ürünleri,Diğer Gıda
Aynes TAM YAĞLI BEYAZ PEYNİR,Aynes,Gıda Ürünleri,Diğer Gıda
Aynes NINJA TURTLES SADE SÜT,Aynes,Gıda Ürünleri,Diğer Gıda
Aynes NINJA TURTLES KAKAO AROMALI SÜT,Aynes,Gıda Ürünleri,Diğer Gıda
Aynes NINJA TURTLES MUZ AROMALI SÜT,Aynes,Gıda Ürünleri,Diğer Gıda
Aynes NINJA TURTLES ÇİLEK AROMALI SÜT,Aynes,Gıda Ürünleri,Diğer Gıda
Aynes BARBIE SADE SÜT,Aynes,Gıda Ürünleri,Diğer Gıda
Aynes BARBIE KAKAO AROMALI SÜT,Aynes,Gıda Ürünleri,Diğer Gıda
Aynes BARBIE MUZ AROMALI SÜT,Aynes,Gıda Ürünleri,Diğer Gıda
Torku Acılı Çubuk Kraker - 120 gr,Torku,Gıda Ürünleri,Kraker / Bisküvi
Torku Acılı Çubuk Kraker - 45 gr,Torku,Gıda Ürünleri,Kraker / Bisküvi
Torku Klasik Tuzlu Çubuk Kraker - 120 gr,Torku,Gıda Ürünleri,Kraker / Bisküvi
Torku Klasik Tuzlu Çubuk Kraker - 36 gr,Torku,Gıda Ürünleri,Kraker / Bisküvi
Torku Miniki - Süt Kremalı Kakaolu Kek,Torku,Gıda Ürünleri,Diğer Gıda
Torku Favorimo - Mozaik Kek,Torku,Gıda Ürünleri,Diğer Gıda
Torku Favorimo - Meyveli Kek,Torku,Gıda Ürünleri,Diğer Gıda
Torku Favorimo - Fındıklı Kakaolu Kek,Torku,Gıda Ürünleri,Diğer Gıda
Torku Favorimo Çoko - Elmalı & Tarçınlı Kek,Torku,Gıda Ürünleri,Diğer Gıda
Torku Favorimo Çoko - Muz Soslu Kek,Torku,Gıda Ürünleri,Diğer Gıda
Torku Favorimo Çoko Çikolata Soslu Kek,Torku,Gıda Ürünleri,Çikolata
Torku Favorimo Çoko - Ahududu Soslu Kek,Torku,Gıda Ürünleri,Diğer Gıda
Aytaç Dana Sosis 5'li,Aytaç,Gıda Ürünleri,Diğer Gıda
Aytaç Piliç Sosis 9'lu,Aytaç,Gıda Ürünleri,Diğer Gıda
Aytaç Piliç Sosis 5'li,Aytaç,Gıda Ürünleri,Diğer Gıda
Aytaç Piliç Salam 200 gr,Aytaç,Gıda Ürünleri,Diğer Gıda
Aytaç Piliç Salam 750 gr,Aytaç,Gıda Ürünleri,Diğer Gıda
Aytaç Kahvaltılık Dana Salam 1000 gr,Aytaç,Gıda Ürünleri,Diğer Gıda
Aytaç Kahvaltılık Dana Salam 200 gr,Aytaç,Gıda Ürünleri,Diğer Gıda
Aytaç Fıstıklı Macar Salam 200 gr,Aytaç,Gıda Ürünleri,Diğer Gıda
Aytaç Fıstıklı Macar Salam 1000 gr,Aytaç,Gıda Ürünleri,Diğer Gıda
Aytaç Macar Salam 1000 gr,Aytaç,Gıda Ürünleri,Diğer Gıda
Aytaç Piliç Baton Sucuk,Aytaç,Gıda Ürünleri,Diğer Gıda
Aytaç Mangal Keyfi Piliç Sucuk,Aytaç,Gıda Ürünleri,Diğer Gıda
Saray Bisküvi - Soggy,Saray Bisküvi,Gıda Ürünleri,Kraker / Bisküvi
Saray Bisküvi - Tatpare Kakaolu,Tat,Gıda Ürünleri,Kraker / Bisküvi
Saray Bisküvi - Tatpare Vişneli,Tat,Gıda Ürünleri,Kraker / Bisküvi
Saray Bisküvi - Tatpare Çilekli,Tat,Gıda Ürünleri,Kraker / Bisküvi
Saray Bisküvi - Vovo,Saray Bisküvi,Gıda Ürünleri,Kraker / Bisküvi
Saray Bisküvi - Choco Cake,Saray Bisküvi,Gıda Ürünleri,Kraker / Bisküvi
Saray Bisküvi - Cake Star Karamelli,Saray Bisküvi,Gıda Ürünleri,Kraker / Bisküvi
Saray Bisküvi - Cake Star Kakaolu,Saray Bisküvi,Gıda Ürünleri,Kraker / Bisküvi
Saray Bisküvi - Dolce Muzlu,Saray Bisküvi,Gıda Ürünleri,Kraker / Bisküvi
Saray Bisküvi - Dolce Limonlu,Saray Bisküvi,Gıda Ürünleri,Kraker / Bisküvi
Saray Bisküvi - Dolce 3'lü,Saray Bisküvi,Gıda Ürünleri,Kraker / Bisküvi
Saray Bisküvi - Dolce - Çikolatalı,Saray Bisküvi,Gıda Ürünleri,Kraker / Bisküvi
Saray Bisküvi -  Prens Vanilyalı 200 gr,Saray Bisküvi,Gıda Ürünleri,Kraker / Bisküvi
Saray Bisküvi - LoveIt - Kayısılı Doğal Meyve Pastası,Saray Bisküvi,Gıda Ürünleri,Kraker / Bisküvi
Saray Bisküvi - LoveIt - Misket Limonlu Doğal Meyve Pastası,Saray Bisküvi,Gıda Ürünleri,Kraker / Bisküvi
Saray Bisküvi - LoveIt - Frambuazlı Doğal Meyve Pastası,Saray Bisküvi,Gıda Ürünleri,Kraker / Bisküvi
Saray Bisküvi - LoveIT Gofret - Çilek Kremalı Rulo Gofret,Saray Bisküvi,Gıda Ürünleri,Kraker / Bisküvi
Saray Bisküvi - LoveIT Gofret - Frambuaz Kremalı Rulo Gofret,Saray Bisküvi,Gıda Ürünleri,Kraker / Bisküvi
Saray Bisküvi - LoveIT Gofret - Misket Limon Kremalı Rulo Gofret,Saray Bisküvi,Gıda Ürünleri,Kraker / Bisküvi
Saray Bisküvi - Eldenele Fındıklı Rulo Gofret,Saray Bisküvi,Gıda Ürünleri,Kraker / Bisküvi
Saray Bisküvi - Eldenele Vanilya ve Sütlü Kremalı Küp Gofret,Saray Bisküvi,Gıda Ürünleri,Kraker / Bisküvi
Saray Bisküvi - Eldenele Kakao Fındık Kremalı Küp Gofret,Saray Bisküvi,Gıda Ürünleri,Kraker / Bisküvi
Saray Bisküvi - Çikonella - 25 gr,Saray Bisküvi,Gıda Ürünleri,Kraker / Bisküvi
Saray Bisküvi - Çikonella - 500 gr,Saray Bisküvi,Gıda Ürünleri,Kraker / Bisküvi
Torku Enjoy - Portakallı Mozaik Kek,Torku,Gıda Ürünleri,Diğer Gıda
Torku Enjoy - Çikolata Soslu Mozaik Kek,Torku,Gıda Ürünleri,Çikolata
Torku Tam Buğdaylı Kek,Torku,Gıda Ürünleri,Diğer Gıda
Torku Tam Buğdaylı Kek Damla Çikolatalı,Torku,Gıda Ürünleri,Diğer Gıda
Torku Tam Buğdaylı Kek Limonlu,Torku,Gıda Ürünleri,Diğer Gıda
Sarelle Bitter Çikolata Kaplamalı  Bitter Krema Dolgulu Fındıklı  Gofret 33g,Sarelle,Gıda Ürünleri,Çikolata
Sarelle Sütlü Çikolata Kaplamalı  Fındık Ezme Dolgulu Gofret 33g,Sarelle,Gıda Ürünleri,Çikolata
Sarelle Sütlü Çikolata  Kaplamalı Fındıklı Gofret 33 g,Sarelle,Gıda Ürünleri,Çikolata
Sarelle Şeker İlavesiz  Kakaolu Fındık Ezmesi 350 g,Lav,Gıda Ürünleri,Şekerleme
Sarelle Sütlü Kakaolu  Fındık Kreması (DUO) 350 g,Sarelle,Gıda Ürünleri,Diğer Gıda
Sarelle Kakaolu  Fındık Ezmesi 350 g,Sarelle,Gıda Ürünleri,Diğer Gıda
Torku Helvalı Tahin Kreması,Torku,Gıda Ürünleri,Diğer Gıda
Kurukahveci Mehmet Efendi - GUATEMALA FİLTRE KAHVE (KAFEİNSİZ) 250 g,Kurukahveci Mehmet Efendi,Gıda Ürünleri,"('Kahve', 'Sıcak İçecek')"
Kurukahveci Mehmet Efendi - BRAZILIAN FİLTRE KAHVE 250 g,Kurukahveci Mehmet Efendi,Gıda Ürünleri,"('Kahve', 'Sıcak İçecek')"
Kurukahveci Mehmet Efendi - ETHIOPIAN FİLTRE KAHVE 250 g,Kurukahveci Mehmet Efendi,Gıda Ürünleri,"('Kahve', 'Sıcak İçecek')"
Kurukahveci Mehmet Efendi - COLOMBIAN FİLTRE KAHVE 250 / 500 g,Kurukahveci Mehmet Efendi,Gıda Ürünleri,"('Kahve', 'Sıcak İçecek')"
Kurukahveci Mehmet Efendi - Türk Kahvesi Seti,Kurukahveci Mehmet Efendi,Gıda Ürünleri,Diğer Gıda
Kurukahveci Mehmet Efendi - TÜRK KAHVESİ (KAFEİNSİZ) 50 g,Kurukahveci Mehmet Efendi,Gıda Ürünleri,Diğer Gıda
Kurukahveci Mehmet Efendi - TÜRK KAHVESİ 250 / 500 g,Kurukahveci Mehmet Efendi,Gıda Ürünleri,Diğer Gıda
Kurukahveci Mehmet Efendi - TÜRK KAHVESİ 12×6 g,Kurukahveci Mehmet Efendi,Gıda Ürünleri,Diğer Gıda
Kurukahveci Mehmet Efendi - TÜRK KAHVESİ 100 g,Kurukahveci Mehmet Efendi,Gıda Ürünleri,Diğer Gıda
Aynes KARIŞIK MEYVE SUYU,Aynes,Gıda Ürünleri,Diğer Gıda
Aynes VİŞNE SUYU,Aynes,Gıda Ürünleri,Diğer Gıda
Aynes PORTAKAL SUYU,Aynes,Gıda Ürünleri,Diğer Gıda
Torku Fındık Ezmesi,Torku,Gıda Ürünleri,Diğer Gıda
Torku Frema 1000 gr,Torku,Gıda Ürünleri,Diğer Gıda
Torku Frema 650 gr,Torku,Gıda Ürünleri,Diğer Gıda
Torku Frema 400 gr,Torku,Gıda Ürünleri,Diğer Gıda
Torku Frema 180 gr,Torku,Gıda Ürünleri,Diğer Gıda
Torku Banada Kids 450 gr,Torku,Gıda Ürünleri,Diğer Gıda
Torku Banada Kids 400 gr,Torku,Gıda Ürünleri,Diğer Gıda
Torku Banada 2500 gr,Torku,Gıda Ürünleri,Diğer Gıda
Torku Banada 1000 gr,Torku,Gıda Ürünleri,Diğer Gıda
Torku Banada 700 gr,Torku,Gıda Ürünleri,Diğer Gıda
Torku Banada 400 gr,Torku,Gıda Ürünleri,Diğer Gıda
Torku Banada 180 gr,Torku,Gıda Ürünleri,Diğer Gıda
Torku Premio Süt Kremalı Kakaolu Bisküvi 86 gr,Torku,Gıda Ürünleri,Kraker / Bisküvi
Torku Premio Süt Kremalı Kakaolu Bisküvi 57 gr,Torku,Gıda Ürünleri,Kraker / Bisküvi
Torku Tutarcık Portakal Jöleli 3x102 gr,Torku,Gıda Ürünleri,Diğer Gıda
Torku Tutarcık Portakal Jöleli 102 gr,Torku,Gıda Ürünleri,Diğer Gıda
Torku Favorimo Çikolata Kremalı Bisküvi 4x68 gr,Torku,Gıda Ürünleri,Çikolata
Torku Favorimo Çikolata Kremalı Bisküvi 68 gr,Torku,Gıda Ürünleri,Çikolata
Torku Favorimo Muz Kremalı Bisküvi 4x68 gr,Torku,Gıda Ürünleri,Kraker / Bisküvi
Torku Favorimo Muz Kremalı Bisküvi 68 gr,Torku,Gıda Ürünleri,Kraker / Bisküvi
Torku Fındık Kremalı Bisküvi 4x68 gr,Torku,Gıda Ürünleri,Kraker / Bisküvi
Torku Fındık Kremalı Bisküvi 68 gr,Torku,Gıda Ürünleri,Kraker / Bisküvi
Torku Sade Kremalı Bisküvi 4x68 gr,Torku,Gıda Ürünleri,Kraker / Bisküvi
Torku Sade Kremalı Bisküvi 68 gr,Torku,Gıda Ürünleri,Kraker / Bisküvi
Torku Davet Kakaolu Damla Çikolatalı Bisküvi 130 gr,Torku,Gıda Ürünleri,Kraker / Bisküvi
Torku Davet Kakaolu Damla Çikolatalı Bisküvi 82 gr,Torku,Gıda Ürünleri,Kraker / Bisküvi
Torku Davet Fındıklı Bisküvi 180 gr,Torku,Gıda Ürünleri,Kraker / Bisküvi
Torku Davet Fındıklı Bisküvi 130 gr,Torku,Gıda Ürünleri,Kraker / Bisküvi
Torku Davet Fındıklı Bisküvi 82 gr,Torku,Gıda Ürünleri,Kraker / Bisküvi
Torku Davet Fındıklı Bisküvi 37 gr,Torku,Gıda Ürünleri,Kraker / Bisküvi
Torku Premio Çikolata Kaplamalı Portakallı 156 gr,Torku,Gıda Ürünleri,Çikolata
Torku Premio Çikolata Kaplamalı Portakallı 39 gr,Torku,Gıda Ürünleri,Çikolata
Torku Premio Süt Kremalı Kakaolu Bisküvi 4x114 gr,Torku,Gıda Ürünleri,Kraker / Bisküvi
Torku Premio Süt Kremalı Kakaolu Bisküvi 3x132 gr,Torku,Gıda Ürünleri,Kraker / Bisküvi
Torku Premio Süt Kremalı Kakaolu Bisküvi 3x86 gr,Torku,Gıda Ürünleri,Kraker / Bisküvi
Torku Premio Süt Kremalı Kakaolu Bisküvi 132 gr,Torku,Gıda Ürünleri,Kraker / Bisküvi
Torku Banada Bitter,Torku,Gıda Ürünleri,Diğer Gıda
Torku Bitter Çikolata Kaplamalı Marshmallowlu Bisküvi 66 gr,Torku,Gıda Ürünleri,Çikolata
Torku Çikolata Kaplamalı Marshmallowlu Bisküvi 66 gr,Torku,Gıda Ürünleri,Çikolata
Torku Miniki Kakaolu Sütlü Bisküvi,Torku,Gıda Ürünleri,Kraker / Bisküvi
Torku Miniki Sütlü Bisküvi,Torku,Gıda Ürünleri,Kraker / Bisküvi
Torku Miniki Çilek Jöleli Kakaolu Bisküvi 102 gr,Torku,Gıda Ürünleri,Kraker / Bisküvi
Torku Miniki Çilek Jöleli Kakaolu Bisküvi 25 gr,Torku,Gıda Ürünleri,Kraker / Bisküvi
Torku Miniki Portakal Jöleli Turtacık 102 gr,Torku,Gıda Ürünleri,Diğer Gıda
Torku Miniki Portakal Jöleli Turtacık 25gr,Torku,Gıda Ürünleri,Diğer Gıda
Torku Delidolu Kakao Kremalı Mozaik Bisküvi 130 gr,Torku,Gıda Ürünleri,Kraker / Bisküvi
Torku Delidolu Kakao Kremalı Mozaik Bisküvi 110 gr,Torku,Gıda Ürünleri,Kraker / Bisküvi
Torku Davet Kakaolu Damla Çikolatalı Bisküvi 180 gr,Torku,Gıda Ürünleri,Kraker / Bisküvi
Torku Tam Buğdaylı Bisküvi 3x131 gr,Torku,Gıda Ürünleri,Kraker / Bisküvi
Torku Tam Buğdaylı Bisküvi 131 gr,Torku,Gıda Ürünleri,Kraker / Bisküvi
Torku Tam Yulaflı Bisküvi 3x118 gr,Torku,Gıda Ürünleri,Kraker / Bisküvi
Torku Tam Yulaflı Bisküvi 118 gr,Torku,Gıda Ürünleri,Kraker / Bisküvi
Torku Tam Kremalım - Kakaolu,Torku,Gıda Ürünleri,Diğer Gıda
Torku Tam Çikolatam,Torku,Gıda Ürünleri,Diğer Gıda
Torku Pötibör Bisküvi 4x175 gr,Torku,Gıda Ürünleri,Kraker / Bisküvi
Torku Pötibör Bisküvi 175 gr,Torku,Gıda Ürünleri,Kraker / Bisküvi
Torku Tam Buğdaylı Ahududu Kremalı Gofret 142 gr,Torku,Gıda Ürünleri,Diğer Gıda
Torku Tam Buğdaylı Ahududu Kremalı Gofret 66 gr,Torku,Gıda Ürünleri,Diğer Gıda
Torku Tam Gofret Sütlü 142 gr,Torku,Gıda Ürünleri,Diğer Gıda
Torku Tam Gofret Sütlü 66 gr,Torku,Gıda Ürünleri,Diğer Gıda
Torku Gofret Çilek Kremalı 142 gr,Torku,Gıda Ürünleri,Diğer Gıda
Torku Gofret Çilek Kremalı 40 gr,Torku,Gıda Ürünleri,Diğer Gıda
Torku Gofret Kakao-Sade Kremalı 142 gr,Torku,Gıda Ürünleri,Diğer Gıda
Torku Gofret Kakao-Sade Kremalı 40 gr,Torku,Gıda Ürünleri,Diğer Gıda
Torku Gofret Karamel-Fındık Kremalı 142 gr,Torku,Gıda Ürünleri,Diğer Gıda
Torku Gofret Karamel-Fındık Kremalı 40 gr,Torku,Gıda Ürünleri,Diğer Gıda
Torku Gofret Fındık Kremalı 142 gr,Torku,Gıda Ürünleri,Diğer Gıda
Torku Gofret Fındık Kremalı 40 gr,Torku,Gıda Ürünleri,Diğer Gıda
Eti Topkek Fındıklı Kakaolu,Eti,Gıda Ürünleri,Diğer Gıda
Eti Topkek Mozaik,Eti,Gıda Ürünleri,Diğer Gıda
Eti Topkek Portakallı,Eti,Gıda Ürünleri,Diğer Gıda
Eti Topkek Meyveli,Eti,Gıda Ürünleri,Diğer Gıda
Eti Topkek Çilekli,Eti,Gıda Ürünleri,Diğer Gıda
Eti Popkek Limonlu,Eti,Gıda Ürünleri,Diğer Gıda
Eti Popkek Muzlu,Eti,Gıda Ürünleri,Diğer Gıda
Eti Popkek Çikolatalı,Eti,Gıda Ürünleri,Diğer Gıda
Eti Popkek Vişneli,Eti,Gıda Ürünleri,Diğer Gıda
Eti Popkek Portakallı,Eti,Gıda Ürünleri,Diğer Gıda
Eti Popkek Goa Çikolatalı,Eti,Gıda Ürünleri,Diğer Gıda
Eti Browni Intense Çikolata Kaplı Krema Dolgulu Kek Bar,Eti,Gıda Ürünleri,Çikolata
Eti Browni Gold Çikolata Soslu Çikolatalı Kek,Eti,Gıda Ürünleri,Çikolata
Eti Browni Gold Vişne Soslu Çikolatalı Kek,Eti,Gıda Ürünleri,Diğer Gıda
Eti Süt Burger,Eti,Gıda Ürünleri,Diğer Gıda
Eti Browni Mousse Çikolata Kaplı Krema Dolgulu Kek,Eti,Gıda Ürünleri,Çikolata
Eti Browni Çikolatalı Fındıklı Kek Bar,Eti,Gıda Ürünleri,Diğer Gıda
Eti 1 Dilim Kek Üzümlü,Eti,Gıda Ürünleri,Diğer Gıda
Eti 1 Dilim Kek Mozaik,Eti,Gıda Ürünleri,Diğer Gıda
Eti 1 Dilim Kek Kakaolu,Eti,Gıda Ürünleri,Diğer Gıda
Eti Browni Çikolatalı Fındıklı Kek,Eti,Gıda Ürünleri,Diğer Gıda
Eti Browni Gold Mini,Eti,Gıda Ürünleri,Diğer Gıda
Eti Browni Intense Bitter Çikolata Kaplı Vişne Soslu Kek,Eti,Gıda Ürünleri,Çikolata
Eti Browni Intense Çikolata Kaplı Krema Dolgulu Kek,Eti,Gıda Ürünleri,Çikolata
Eti Paykek Şekl-i Şahane Çikolata Soslu Fındıklı Beyaz Çikolatalı Kek,Eti,Gıda Ürünleri,Çikolata
Eti Paykek Şekl-i Şahane Çikolata Soslu Fındıklı Kek,Eti,Gıda Ürünleri,Çikolata
Eti Paykek Kakaolu,Eti,Gıda Ürünleri,Diğer Gıda
Eti Paykek Mozaik,Eti,Gıda Ürünleri,Diğer Gıda
Eti Çikolata Fındıklı Sütlü Çikolata,Eti,Gıda Ürünleri,Çikolata
Eti Çikolata Bütün Antep Fıstıklı Sütlü Çikolata,Eti,Gıda Ürünleri,Çikolata
Eti Çikolata Sticks Sütlü,Eti,Gıda Ürünleri,Çikolata
Eti Çikolata Sticks Fındık Kremalı Dolgulu,Eti,Gıda Ürünleri,Çikolata
Eti Çikolata Sticks Antep Fıstık,Eti,Gıda Ürünleri,Çikolata
Eti Karam %54 Kakaolu Bitter Çikolata,Eti,Gıda Ürünleri,Çikolata
Eti Karam %70 Kakaolu Bitter Çikolata,Eti,Gıda Ürünleri,Çikolata
Eti Karam %54 Kakaolu Portakal & Badem Parçacıklı Bitter Çikolata,Eti,Gıda Ürünleri,Çikolata
Eti Karam %54 Kakaolu Antep Fıstıklı Bitter Çikolata,Eti,Gıda Ürünleri,Çikolata
Eti Karam Sticks %54 Bitter Çikolata,Eti,Gıda Ürünleri,Çikolata
Eti Karam Sticks Portakallı Bitter Çikolata,Eti,Gıda Ürünleri,Çikolata
Eti Karam Sticks Karadutlu & Böğürtlenli Bitter Çikolata,Eti,Gıda Ürünleri,Çikolata
Eti Paykek Havuçlu Cevizli Tarçınlı,Eti,Gıda Ürünleri,Diğer Gıda
Eti Paykek Meyveli,Eti,Gıda Ürünleri,Diğer Gıda
Eti Popkek Mini Muzlu,Eti,Gıda Ürünleri,Diğer Gıda
Eti Popkek Mini Çikolatalı,Eti,Gıda Ürünleri,Diğer Gıda
Eti Fırınından Tartini Frambuazlı Turta,Eti,Gıda Ürünleri,Diğer Gıda
Eti Çikolata Sütlü,Eti,Gıda Ürünleri,Çikolata
Eti Çikolata Karamel Dolgulu Sütlü Çikolata,Eti,Gıda Ürünleri,Çikolata
Eti Çikolata %27 Antep Fıstıklı Sütlü Çikolata,Eti,Gıda Ürünleri,Çikolata
Eti Uzun Çikolata Antep Fıstıklı,Eti,Gıda Ürünleri,Çikolata
Eti Uzun Çikolata Karamelli,Eti,Gıda Ürünleri,Çikolata
Eti Uzun Çikolata Sütlü,Eti,Gıda Ürünleri,Çikolata
Eti Uzun Çikolata Fındık Kremalı Dolgulu,Eti,Gıda Ürünleri,Çikolata
Eti Form Kepekli Bisküvi,Eti,Gıda Ürünleri,Kraker / Bisküvi
Eti Form Limon Lifli Kepekli Bisküvi,Eti,Gıda Ürünleri,Kraker / Bisküvi
Eti Form Çikolata Kaplı Lifli Bisküvi,Eti,Gıda Ürünleri,Çikolata
Eti Form Kepekli Çubuk Kraker,Eti,Gıda Ürünleri,Kraker / Bisküvi
Eti Form Kızarmış Kepekli Ekmek Dilimleri,Eti,Gıda Ürünleri,Diğer Gıda
Eti Form Yulaflı Kepekli Bisküvi,Eti,Gıda Ürünleri,Kraker / Bisküvi
Eti Form Çörekotlu Kepekli Tuzlu Bisküvi,Eti,Gıda Ürünleri,Kraker / Bisküvi
Eti Pronot Glutensiz Bebek Bisküvisi,Eti,Gıda Ürünleri,Diğer Gıda
Eti Pronot Glutensiz Kakaolu Mini Kek,Eti,Gıda Ürünleri,Diğer Gıda
Eti Pronot Glutensiz Kakaolu Kurabiye,Eti,Gıda Ürünleri,Kraker / Bisküvi
Eti Pronot Glutensiz Zeytinli Kekikli Kurabiye,Eti,Gıda Ürünleri,Kraker / Bisküvi
Eti Pronot Glutensiz Kurabiye,Eti,Gıda Ürünleri,Kraker / Bisküvi
Eti Karam Gurme,Eti,Gıda Ürünleri,Diğer Gıda
Eti Karam Gurme Mini,Eti,Gıda Ürünleri,Diğer Gıda
Eti Maximus XL,Eti,Gıda Ürünleri,Diğer Gıda
Eti Maximus,Eti,Gıda Ürünleri,Diğer Gıda
Eti Canga Dark,Eti,Gıda Ürünleri,Diğer Gıda
Eti Canga,Eti,Gıda Ürünleri,Diğer Gıda
Eti Wanted,Eti,Gıda Ürünleri,Diğer Gıda
Eti Wanted Bumba,Eti,Gıda Ürünleri,Diğer Gıda
Eti Petito Ayıcık Bol Sütlü Çubuk Çikolata,Eti,Gıda Ürünleri,Çikolata
Eti Petito Ayıcık Bol Sütlü Krema Dolgulu Çikolata,Eti,Gıda Ürünleri,Çikolata
Eti Petito Ayıcık Bol Sütlü Mini Çikolata 8’li,Eti,Gıda Ürünleri,Çikolata
Eti Petito Ayıcık Bol Sütlü Mini Çikolata 18’li,Eti,Gıda Ürünleri,Çikolata
Eti Lifalif Yulaf Ezmesi,Eti,Gıda Ürünleri,Diğer Gıda
Eti Etimek Tuzsuz,Eti,Gıda Ürünleri,Diğer Gıda
Eti Etimek Klasik,Eti,Gıda Ürünleri,Diğer Gıda
Eti Cicibebe Vitaminli Kızarmış Ekmek,Eti,Gıda Ürünleri,Diğer Gıda
Eti Cicibebe Tahıllı,Eti,Gıda Ürünleri,Diğer Gıda
Eti Cicibebe Sade,Eti,Gıda Ürünleri,Diğer Gıda
Eti Alaska Frigo Bitter Çikolata Kaplı,Eti,Gıda Ürünleri,Çikolata
Eti Alaska Frigo Sütlü Çikolata Kaplı,Eti,Gıda Ürünleri,Çikolata
Eti Balık Kraker,Eti,Gıda Ürünleri,Kraker / Bisküvi
Eti Mısırlı Balık Kraker,Eti,Gıda Ürünleri,Kraker / Bisküvi
Eti Pizza Kraker,Eti,Gıda Ürünleri,Kraker / Bisküvi
Eti Crax Kıvrık Kraker,Eti,Gıda Ürünleri,Kraker / Bisküvi
Eti Petito Ayıcık Bol Sütlü Mini Çikolata 6'lı,Eti,Gıda Ürünleri,Çikolata
Eti Petito Beyaz ve Bitter Çikolata Desenli Mısır ve Buğday Gevrekli Bol Sütlü Çikolata,Eti,Gıda Ürünleri,Çikolata
Eti Petito Ayıcık Beyaz ve Bitter Çikolata Desenli Bol Sütlü Çikolata 18 gr.,Eti,Gıda Ürünleri,Çikolata
Eti Petito Ayıcık Beyaz ve Bitter Çikolata Desenli Bol Sütlü Çikolata 9 Gr.,Eti,Gıda Ürünleri,Çikolata
Eti Form Kakaolu Yabanmersinli,Eti,Gıda Ürünleri,Diğer Gıda
Eti Form Domatesli Kekikli,Eti,Gıda Ürünleri,Diğer Gıda
Eti Form Zeytinli Domatesli Kepekli Kraker,Eti,Gıda Ürünleri,Kraker / Bisküvi
Eti Form Light Müsli,Eti,Gıda Ürünleri,Diğer Gıda
Eti Form Mısır ve Pirinç Patlağı,Eti,Gıda Ürünleri,Diğer Gıda
Eti Form Karışık Meyveli Kepekli Bisküvi,Eti,Gıda Ürünleri,Kraker / Bisküvi
Eti Form Tahıllı Bisküvi,Eti,Gıda Ürünleri,Kraker / Bisküvi
Eti Form Portakallı,Eti,Gıda Ürünleri,Diğer Gıda
Eti Crax @kntn Peynirli Soğanlı Kraker,Eti,Gıda Ürünleri,Kraker / Bisküvi
Eti Crax @kntn Tatlı-Acı Biberli Kraker,Tat,Gıda Ürünleri,Kraker / Bisküvi
Eti Gong,Eti,Gıda Ürünleri,Diğer Gıda
Eti Crax Sade Çubuk Kraker,Eti,Gıda Ürünleri,Kraker / Bisküvi
Eti Crax Baharatlı Çubuk Kraker,Eti,Gıda Ürünleri,Kraker / Bisküvi
Eti Crax Peynirli Çubuk Kraker,Eti,Gıda Ürünleri,Kraker / Bisküvi
Eti Crax Acılı Çubuk Kraker,Eti,Gıda Ürünleri,Kraker / Bisküvi
Eti Crax Patlamış Mısırlı Kraker,Eti,Gıda Ürünleri,Kraker / Bisküvi
Eti Susamlı Çubuk Kraker,Eti,Gıda Ürünleri,Kraker / Bisküvi
Eti Hoşbeş Fındık Kremalı Gofret,Eti,Gıda Ürünleri,Diğer Gıda
Eti Hoşbeş Kakao Aromalı Kremalı Gofret,Aroma,Gıda Ürünleri,Meyve Suyu / İçecek
Eti Hoşbeş Çilek Kremalı Gofret,Eti,Gıda Ürünleri,Diğer Gıda
Eti Burçak Kakao Kremalı,Eti,Gıda Ürünleri,Diğer Gıda
Eti Burçak Sütlü Çikolatalı,Eti,Gıda Ürünleri,Diğer Gıda
Eti Burçak Kepekli,Eti,Gıda Ürünleri,Diğer Gıda
Eti Burçak Kurabi,Eti,Gıda Ürünleri,Diğer Gıda
Eti Burçak Sultani,Eti,Gıda Ürünleri,Diğer Gıda
Eti Burçak Yulaflı,Eti,Gıda Ürünleri,Diğer Gıda
Eti Burçak Klasik,Eti,Gıda Ürünleri,Diğer Gıda
Eti Burçak Sütlü Kremalı,Eti,Gıda Ürünleri,Diğer Gıda
Eti Lifalif Meyveli Tahıl Gevreği,Eti,Gıda Ürünleri,Diğer Gıda
Eti Lifalif Tahıl Gevreği,Eti,Gıda Ürünleri,Diğer Gıda
Eti Lifalif Bitter Çikolatalı Tahıl Gevreği,Eti,Gıda Ürünleri,Diğer Gıda
Eti Lifalif Kuru Meyveli Müsli,Eti,Gıda Ürünleri,Diğer Gıda
Eti Hoşbeş Mandalina Kremalı Gofret,Eti,Gıda Ürünleri,Diğer Gıda
Eti Hoşbeş Misket Limonlu Kremalı Gofret,Eti,Gıda Ürünleri,Diğer Gıda
Eti Hoşbeş Vişne Kremalı Kakaolu Gofret,Eti,Gıda Ürünleri,Diğer Gıda
Eti Hoşbeş Sütlü Kakaolu Kremalı Gofret,Eti,Gıda Ürünleri,Diğer Gıda
Eti Hoşbeş Yeşil Elmalı Kremalı Gofret,Eti,Gıda Ürünleri,Diğer Gıda
Eti Bidolu,Eti,Gıda Ürünleri,Diğer Gıda
Eti Petit Beurre Kakaolu,Eti,Gıda Ürünleri,Diğer Gıda
Eti Puf Hindistan Cevizli,Eti,Gıda Ürünleri,Diğer Gıda
Eti Puf Renkli,Eti,Gıda Ürünleri,Diğer Gıda
Eti Cin Mini Bisküvi,Eti,Gıda Ürünleri,Kraker / Bisküvi
Eti Cin Portakal Jöleli Bisküvi Çoklu,Eti,Gıda Ürünleri,Kraker / Bisküvi
Eti Cin Çilek Jöleli Bisküvi,Eti,Gıda Ürünleri,Kraker / Bisküvi
Eti Cin Tek Lokmalık Bisküvi,Eti,Gıda Ürünleri,Kraker / Bisküvi
Eti Cin Portakal Jöleli Kakaolu Bisküvi Çoklu,Eti,Gıda Ürünleri,Kraker / Bisküvi
Eti Cin Portakal Jöleli Bisküvi Tek Lokmalık 3'lü,Eti,Gıda Ürünleri,Kraker / Bisküvi
Eti Cin Portakal Jöleli Bisküvi 5'li,Eti,Gıda Ürünleri,Kraker / Bisküvi
Eti Çay Keyfi Fındıklı Fıstıklı Kurabiye,Eti,Gıda Ürünleri,Kraker / Bisküvi
Eti Çay Keyfi Fıstıklı Tarçınlı Kurabiye,Eti,Gıda Ürünleri,Kraker / Bisküvi
Eti Kakaolu Bisküvi,Eti,Gıda Ürünleri,Kraker / Bisküvi
Eti Finger,Eti,Gıda Ürünleri,Diğer Gıda
Eti Etibör,Eti,Gıda Ürünleri,Diğer Gıda
Eti Petit Beurre Klasik,Eti,Gıda Ürünleri,Diğer Gıda
Eti Puf Kakaolu,Eti,Gıda Ürünleri,Diğer Gıda
Eti Cin Portakal Jöleli Bisküvi,Eti,Gıda Ürünleri,Kraker / Bisküvi
Eti Kombo,Eti,Gıda Ürünleri,Diğer Gıda
Eti Benim O,Eti,Gıda Ürünleri,Diğer Gıda
Eti Kremalı,Eti,Gıda Ürünleri,Diğer Gıda
Eti Motto,Eti,Gıda Ürünleri,Diğer Gıda
Eti Negro,Eti,Gıda Ürünleri,Diğer Gıda
Eti Tutku,Eti,Gıda Ürünleri,Diğer Gıda
Eti Çay Keyfi Kakaolu Kurabiye,Eti,Gıda Ürünleri,Kraker / Bisküvi
Beypazarı Maden Suyu,Beypazarı,Gıda Ürünleri,Diğer Gıda
Aroha,Aroha,Otomotiv / Savunma Sanayii Ürünleri,Otomotiv / Savunma
Kalaycıoğlu,Kalaycıoğlu,Otomotiv / Savunma Sanayii Ürünleri,Otomotiv / Savunma
Zinde,Zinde,Otomotiv / Savunma Sanayii Ürünleri,Otomotiv / Savunma
Antebella,Antebella,Otomotiv / Savunma Sanayii Ürünleri,Otomotiv / Savunma
Alasko Frigo,Alasko Frigo,Otomotiv / Savunma Sanayii Ürünleri,Otomotiv / Savunma
Tatkat,Tatkat,Otomotiv / Savunma Sanayii Ürünleri,Otomotiv / Savunma
CafeshotS,CafeshotS,Otomotiv / Savunma Sanayii Ürünleri,Otomotiv / Savunma
Zade,Zade,Otomotiv / Savunma Sanayii Ürünleri,Otomotiv / Savunma
Pelit,Pelit,Otomotiv / Savunma Sanayii Ürünleri,Otomotiv / Savunma
Gua Coffee Company,Gua Coffee Company,Gıda,Bilinmeyen
Niğde Gazozu,Niğde Gazozu,Gıda,Bilinmeyen
Nevada Coffee,Nevada Coffee,Gıda,Bilinmeyen
Vestel PUZZLE NF655 X Buzdolabı,Vestel PUZZLE NF655 X Buzdolabı,Elektronik Ürün,Beyaz Eşya
Vestel NFK510 ECS Buzdolabı,Vestel NFK510 ECS Buzdolabı,Elektronik Ürün,Beyaz Eşya
Vestel RETRO NFKY510 KIRMIZI Buzdolabı,Vestel,Elektronik Ürün,Beyaz Eşya
Vestel 4K SMART 55UD9300 LED TV,Vestel 4K SMART 55UD9300 LED TV,Elektronik Ürün,Televizyon
Vestel ELMAS Buharlı Ütü,Vestel ELMAS Buharlı Ütü,Elektronik Ürün,Diğer Elektronik
Beko BKK 2309 Buharlı Ütüler,Beko BKK 2309 Buharlı Ütüler,Elektronik Ürün,Diğer Elektronik
Beko BKK 2299 Akuamarin Buhar Jeneratörlü Ütü,Beko,Elektronik Ürün,Diğer Elektronik
Beko BKK 4160 P Mikser,Beko,Elektronik Ürün,Diğer Elektronik
Beko BKK 3092 HM Crystal Mikser,Beko BKK 3092 HM Crystal Mikser,Elektronik Ürün,Diğer Elektronik
Beko BSS 4600 Su Sebili,Beko BSS 4600 Su Sebili,Elektronik Ürün,Diğer Elektronik
Beko BMD 2084 GMI Mikrodalga Fırın,Beko BMD 2084 GMI Mikrodalga Fırın,Elektronik Ürün,Diğer Elektronik
Beko BM 8018 I Bulaşık Makinesi,Beko,Elektronik Ürün,Beyaz Eşya
Vestel KCM 9814 G Kurutmalı Çamaşır Makinesi,Vestel,Elektronik Ürün,Beyaz Eşya
Vestel KCM 9914 Kurutmalı Çamaşır Makinesi,Vestel KCM 9914 Kurutmalı Çamaşır Makinesi,Elektronik Ürün,Beyaz Eşya
Vestel BAMBU Elektronik Tartı,Vestel,Elektronik Ürün,Diğer Elektronik
Vestel LİLYUM Pro Saç Kurutma Makinesi,Vestel LİLYUM Pro Saç Kurutma Makinesi,Elektronik Ürün,Diğer Elektronik
Vestel Sefa Cam Inox Çay Makinesi,Vestel Sefa Cam Inox Çay Makinesi,Elektronik Ürün,Diğer Elektronik
Vestel VANİLYA El Blender Seti,Eti,Elektronik Ürün,Diğer Elektronik
Vestel Starwars E3100 R Ekmek Kızartma Makinesi,Vestel Starwars E3100 R Ekmek Kızartma Makinesi,Elektronik Ürün,Diğer Elektronik
Vestel Şölen T3000 Inox Tost Makinesi,Şölen,Elektronik Ürün,Diğer Elektronik
VESTEL Perilla Mikser,Vestel,Elektronik Ürün,Diğer Elektronik
Vestel KEHRİBAR Buhar Jeneratörlü Ütü,Vestel KEHRİBAR Buhar Jeneratörlü Ütü,Elektronik Ürün,Diğer Elektronik
Vestel MIX&GO INOX Blender,Vestel MIX&GO INOX Blender,Elektronik Ürün,Diğer Elektronik
Vestel NFK510 EX A+++ Buzdolabı,Vestel,Elektronik Ürün,Beyaz Eşya
Vestel 4K OLED SMART 65OB9900 LED TV,Vestel,Elektronik Ürün,Televizyon
Vestel 4K SMART 65UD9400 LED TV,Vestel 4K SMART 65UD9400 LED TV,Elektronik Ürün,Televizyon
Vestel Desibel K550 Kulaklık Nar Çiçeği,Vestel Desibel K550 Kulaklık Nar Çiçeği,Elektronik Ürün,Ses Sistemi / Kulaklık
Vestel Desıbel K600 Kulaklık Beyaz,Vestel,Elektronik Ürün,Ses Sistemi / Kulaklık
Vestel Desibel K550 Kulaklık Mavi,Vestel Desibel K550 Kulaklık Mavi,Elektronik Ürün,Ses Sistemi / Kulaklık
Vestel Desibel K550 Kulaklık Siyah,Vestel Desibel K550 Kulaklık Siyah,Elektronik Ürün,Ses Sistemi / Kulaklık
VESTEL AV 4311 B,Vestel,Elektronik Ürün,Diğer Elektronik
VESTEL AV 4310 S,Vestel,Elektronik Ürün,Diğer Elektronik
Vestel POYRAZ A7500 Elektrikli Süpürge,Vestel,Elektronik Ürün,Diğer Elektronik
Vestel TSUNAMI A8100 Elektrikli Süpürge,Vestel TSUNAMI A8100 Elektrikli Süpürge,Elektronik Ürün,Diğer Elektronik
Vestel Minimalistik Inverter 12 A++ Klima,Vestel Minimalistik Inverter 12 A++ Klima,Elektronik Ürün,Diğer Elektronik
Vestel Plazma Inverter 24 A++ Klima,Vestel,Elektronik Ürün,Diğer Elektronik
Beko BK 10141 E Çamaşır Makinesi,Beko BK 10141 E Çamaşır Makinesi,Elektronik Ürün,Beyaz Eşya
Beko 9625 NDEX No Frost Buzdolabı,Beko 9625 NDEX No Frost Buzdolabı,Elektronik Ürün,Beyaz Eşya
Beko BKK 3098 Vitaminist™ Blender,Beko,Elektronik Ürün,Diğer Elektronik
Beko D 90 HP Kurutma Makinesi,Beko D 90 HP Kurutma Makinesi,Elektronik Ürün,Diğer Elektronik
VESTEL KÖPÜK 5000 SÜT ISITICI,Vestel,Elektronik Ürün,Diğer Elektronik
Vestel Venus Z20,Vestel,Elektronik Ürün,Diğer Elektronik
Arçelik K 2370 Mini Tost Makinesi,Arçelik,Elektronik Ürün,Diğer Elektronik
Arçelik K 8550 Eternity Ekmek Kızartma Makinesi,Arçelik,Elektronik Ürün,Diğer Elektronik
Arçelik K 2462 EK Ekmek Kızartma Makinesi,Arçelik K 2462 EK Ekmek Kızartma Makinesi,Elektronik Ürün,Diğer Elektronik
Arçelik K 8382 TG in love Tost Makinesi,Arçelik,Elektronik Ürün,Diğer Elektronik
Arçelik K 2369 TG Tost Makinesi,Arçelik,Elektronik Ürün,Diğer Elektronik
Arçelik K 2385 TG Tost Makinesi,Arçelik,Elektronik Ürün,Diğer Elektronik
Arçelik B-Fit Personel Blender,Arçelik B-Fit Personel Blender,Elektronik Ürün,Diğer Elektronik
Arçelik Imperium® 4A Süpürge,Arçelik Imperium® 4A Süpürge,Elektronik Ürün,Diğer Elektronik
Arçelik Grion Ankastre Fırın,Arçelik,Elektronik Ürün,Diğer Elektronik
Arçelik Siyah Mini Telve Türk Kahve Makinesi,Arçelik Siyah Mini Telve Türk Kahve Makinesi,Elektronik Ürün,Diğer Elektronik
Arçelik Tiryaki Çay Makinesi,Arçelik,Elektronik Ürün,Diğer Elektronik
Arçelik Çay Makinesi,Arçelik,Elektronik Ürün,Diğer Elektronik
Arçelik Gurme Çay Makinesi,Arçelik Gurme Çay Makinesi,Elektronik Ürün,Diğer Elektronik
Arçelik Bulaşık Makinesi,Arçelik Bulaşık Makinesi,Elektronik Ürün,Beyaz Eşya
Sinbo Kablosuz Su Isıtıcı Cam,Sinbo,Elektronik Ürün,Diğer Elektronik
Sinbo Izgara & Tost Makinesi,Sinbo,Elektronik Ürün,Diğer Elektronik
Sinbo Torbasız Cyclonic Elektrikli Süpürge,Sinbo,Elektronik Ürün,Diğer Elektronik
Sinbo El Mikseri,Sinbo,Elektronik Ürün,Diğer Elektronik
Sinbo Elektrikli Çay Seti,Sinbo,Elektronik Ürün,Diğer Elektronik
Sinbo Fritöz,Sinbo,Elektronik Ürün,Diğer Elektronik
Sinbo Kablosuz Su Isıtıcı,Sinbo,Elektronik Ürün,Diğer Elektronik
Arzum Bellissima Beach Waves Wag Maşası PEMBE,Arzum,Elektronik Ürün,Diğer Elektronik
Arzum Bellissima Profesyonel İyonlu Saç Kurutma Makinesi SİYAH,Arzum,Elektronik Ürün,Diğer Elektronik
Arzum Çayım Delux Çay Makinesi NAR,Arzum,Elektronik Ürün,Diğer Elektronik
Arzum Kantintost Izgara ve Tost Makinesi PASLANMAZ ÇELİK,Arzum,Elektronik Ürün,Diğer Elektronik
Arzum Panetti Ekmek Yapma Makinesi CANDY,Arzum,Elektronik Ürün,Diğer Elektronik
Arzum Crust Mix Stand Mikser NAR,Arzum,Elektronik Ürün,Diğer Elektronik
Arzum Technoart El Blender SİYAH,Arzum,Elektronik Ürün,Diğer Elektronik
"Arzum Shake""N Take Kişisel Blender SİYAH",Arzum,Elektronik Ürün,Diğer Elektronik
Casper Nirvana D300 Serisi,Casper,Elektronik Ürün,Diğer Elektronik
Vestel Venus V7,Vestel,Elektronik Ürün,Diğer Elektronik
Vestel Venus Z40,Vestel,Elektronik Ürün,Diğer Elektronik
Vestel Venus E5,Vestel,Elektronik Ürün,Diğer Elektronik
Sinbo Turbo Blender & Öğütücü,Sinbo Turbo Blender & Öğütücü,Elektronik Ürün,Diğer Elektronik
Sinbo Katı Meyve Sıkacağı,Sinbo,Elektronik Ürün,Diğer Elektronik
Sinbo Elektrikli Çay Makinesi,Sinbo Elektrikli Çay Makinesi,Elektronik Ürün,Diğer Elektronik
Sinbo Elektrikli Cam Kapaklı Döküm Izgara,Sinbo,Elektronik Ürün,Diğer Elektronik
Sinbo Elektrikli Izgara,Sinbo,Elektronik Ürün,Diğer Elektronik
Vestel Hızlı 9812 TKE Çamaşır Makinesi,Vestel,Elektronik Ürün,Beyaz Eşya
Vestel Hızlı 8912 TT Çamaşır Makinesi,Vestel Hızlı 8912 TT Çamaşır Makinesi,Elektronik Ürün,Beyaz Eşya
Vestel Hızlı 9812 TSE Çamaşır Makinesi,Vestel,Elektronik Ürün,Beyaz Eşya
Vestel V-UHD SMART 75UD9650 LED TV,Vestel V-UHD SMART 75UD9650 LED TV,Elektronik Ürün,Televizyon
Casper Nirvana D200 Serisi,Casper,Elektronik Ürün,Diğer Elektronik
Casper Nirvana N310 - N240,Casper Nirvana N310 - N240,Elektronik Ürün,Diğer Elektronik
Casper Nirvana C650,Casper Nirvana C650,Elektronik Ürün,Diğer Elektronik
Casper Nirvana C800,Casper Nirvana C800,Elektronik Ürün,Diğer Elektronik
Casper Nirvana C900,Casper,Elektronik Ürün,Diğer Elektronik
Casper Nirvana F Serisi,Casper Nirvana F Serisi,Elektronik Ürün,Diğer Elektronik
Casper Excalibur Serisi,Casper Excalibur Serisi,Elektronik Ürün,Diğer Elektronik
Arnica Bitkidem Pro Çay Makinesi,Arnica,Elektronik Ürün,Diğer Elektronik
Arnica Demli Inox Çay Makinesi,Arnica,Elektronik Ürün,Diğer Elektronik
Arnica Bitkidem Otomatik Çay Makinesi,Arnica,Elektronik Ürün,Diğer Elektronik
Arnica Terra Premium Toz Torbalı Elektrikli Süpürge,Arnica,Elektronik Ürün,Diğer Elektronik
Arnica Tesla Premium ET14300 Toz Torbasız Elektrikli Süpürge Rose,Arnica,Elektronik Ürün,Diğer Elektronik
Wunschome NOLIME Kireç Sökücü 1 LT,Wunschome,Temizlik Ürünü,Diğer Temizlik
Wunschome NOLIME Kireç Sökücü 550 ML,Wunschome,Temizlik Ürünü,Diğer Temizlik
Wunschome Genel Köpük Temizleyici (Yüzey Temizleyici) 1 LT,Wunschome Genel Köpük Temizleyici (Yüzey Temizleyici) 1 LT,Temizlik Ürünü,Diğer Temizlik
Wunschome Sıvı Bulaşık Deterjanı 1 LT,Wunschome,Temizlik Ürünü,Diğer Temizlik
Wunschome Kıvamlı Çamaşır Suyu 1 LT,Wunschome,Temizlik Ürünü,Diğer Temizlik
Wunschome Çamaşır Yumuşatıcı Lilium 1 LT,Wunschome,Temizlik Ürünü,Çamaşır Temizliği
Wunschome Çamaşır Yumuşatıcı Mimoza 1 LT,Wunschome,Temizlik Ürünü,Çamaşır Temizliği
Wunschome Çamaşır Makinasi Deterjanı Beyazlar,Wunschome,Temizlik Ürünü,Diğer Temizlik
Wunschome Çamaşır Makinasi Deterjanı Renkliler,Wunschome,Temizlik Ürünü,Diğer Temizlik
Wunschome Dahlia Oda ve Ortam Kokusu 500 CC,Wunschome,Temizlik Ürünü,Diğer Temizlik
Wunschome Spring Breeze Oda ve Ortam Kokusu 500 CC,Wunschome,Temizlik Ürünü,Diğer Temizlik
Wunschome Anti Smell Ağır Koku Giderici 500 CC,Wunschome Anti Smell Ağır Koku Giderici 500 CC,Temizlik Ürünü,Diğer Temizlik
Bingo Dynamic Hepsi Bir Arada 56'li Bulaşık Makinesi Tableti,Bingo,Temizlik Ürünü,Diğer Temizlik
Bingo Dynamic Hepsi Bir Arada 28'li Bulaşık Makinesi Tableti,Bingo,Temizlik Ürünü,Diğer Temizlik
Bingo Dynamic Makine Tuzu,Bingo,Temizlik Ürünü,Diğer Temizlik
Bingo Dynamic Makine Partalıcı Limon Kokulu,Bingo Dynamic Makine Partalıcı Limon Kokulu,Temizlik Ürünü,Diğer Temizlik
Bingo Dynamic Makine Partalıcı Klasik,Bingo,Temizlik Ürünü,Diğer Temizlik
Bingo Dynamic Makine Koku Giderici,Bingo,Temizlik Ürünü,Diğer Temizlik
Bingo Dynamic Makine Temizleyici,Bingo,Temizlik Ürünü,Diğer Temizlik
Bingo Klasik Limon Kokulu Büyük Sıvı Bulaşık Deterjanı,Bingo,Temizlik Ürünü,Diğer Temizlik
Bingo Klasik Limon Kokulu Sıvı Bulaşık Deterjanı,Bingo,Temizlik Ürünü,Diğer Temizlik
Bingo Dynamic Sensitive Krem Etkili Sıvı Bulaşık Deterjanı,Bingo Dynamic Sensitive Krem Etkili Sıvı Bulaşık Deterjanı,Temizlik Ürünü,Diğer Temizlik
Bingo Dynamic Bodrum Esintisi Mandalina Kokulu Sıvı Bulaşık Deterjanı,Bingo,Temizlik Ürünü,Diğer Temizlik
Bingo Dynamic Çeşme Esintisi Limon Kokulu Sıvı Bulaşık Deterjanı,Bingo,Temizlik Ürünü,Diğer Temizlik
Parex Mikrofiber Temizlik Bezi,Parex,Temizlik Ürünü,Diğer Temizlik
Parex Magic Maxx Temizlik Bezi,Parex,Temizlik Ürünü,Diğer Temizlik
Parex Neofiber Bez (Yeni Nesil Mikrofiber),Parex,Temizlik Ürünü,Diğer Temizlik
Parex %30 Mikrofiberli Temizlik Bezi,Parex,Temizlik Ürünü,Diğer Temizlik
Adatepe Doğal Lavanta Esanslı Zeytinyağı Sabunu 135 gr.,Lav,Temizlik Ürünü,Diğer Temizlik
Adatepe Doğal Zeytinyağı Sabunu 135 gr.,Adatepe Doğal Zeytinyağı Sabunu 135 gr.,Temizlik Ürünü,Diğer Temizlik
Bingo Dynamic Standart 120'li Mekine Tableti,Bingo Dynamic Standart 120'li Mekine Tableti,Temizlik Ürünü,Diğer Temizlik
Bingo Dynamic Standart 60'lı Mekine Tableti,Bingo,Temizlik Ürünü,Diğer Temizlik
Bingo Dynamic Standart 15'li Mekine Tableti,Bingo,Temizlik Ürünü,Diğer Temizlik
Bingo Dynamic Standart Makine Toz Deterjan Limon Kokulu,Bingo,Temizlik Ürünü,Çamaşır Temizliği
Bingo Dynamic Standart Makine Toz Deterjan,Bingo,Temizlik Ürünü,Çamaşır Temizliği
Bingo Dynamic Hepsi Bir Arada 112'li Bulaşık Makinesi Tableti,Bingo,Temizlik Ürünü,Diğer Temizlik
Parex Quick Temizlik Seti,Parex,Temizlik Ürünü,Diğer Temizlik
Parex Tornado Temizlik Seti,Parex,Temizlik Ürünü,Diğer Temizlik
Parex Twister Temizlik Seti,Parex,Temizlik Ürünü,Diğer Temizlik
Parex Maestro Compact,Parex,Temizlik Ürünü,Diğer Temizlik
Parex Maestro Temizlik Seti,Parex,Temizlik Ürünü,Diğer Temizlik
Parex Bubble Sünger,Parex,Temizlik Ürünü,Diğer Temizlik
Parex Çizmez Sünger,Parex,Temizlik Ürünü,Diğer Temizlik
Parex Power Ball Çizmez Ovma Teli,Parex,Temizlik Ürünü,Diğer Temizlik
Parex Magic Shine Sünger,Parex,Temizlik Ürünü,Diğer Temizlik
Parex Magic Fiber Sünger,Parex,Temizlik Ürünü,Diğer Temizlik
Parex Magic Sünger,Parex,Temizlik Ürünü,Diğer Temizlik
Parex Mikropower Bez,Parex,Temizlik Ürünü,Diğer Temizlik
Parex Büzgülü Çöp Torbası Orta Boy Çilek / Limon / Lavanta Orta Boy,Parex,Temizlik Ürünü,Diğer Temizlik
Parex Ekstra Dayanıklı Çöp Torbası,Parex,Temizlik Ürünü,Diğer Temizlik
Parex Bahar Kokulu Çöp Torbası,Parex,Temizlik Ürünü,Diğer Temizlik
Parex Nitril Kullan-At Eldiven,Parex,Temizlik Ürünü,Diğer Temizlik
Parex Comfort Touch Eldiven,Parex,Temizlik Ürünü,Diğer Temizlik
Parex Sensitive Eldiven,Parex,Temizlik Ürünü,Diğer Temizlik
Parex Süpürgeç Yer Temizlik Sistemi,Parex,Temizlik Ürünü,Diğer Temizlik
Parex Windy Sprey Mop,Parex,Temizlik Ürünü,Diğer Temizlik
Parex Pamuk+Mikrofiber Paspas,Parex,Temizlik Ürünü,Diğer Temizlik
Parex Rengarenk Paspas Üçlü,Parex,Temizlik Ürünü,Diğer Temizlik
Parex Standart Paspas,Parex,Temizlik Ürünü,Diğer Temizlik
Parex Extra Power Temizlik Seti,Parex,Temizlik Ürünü,Diğer Temizlik
Parex Fışfış Bulaşık Fırçası,Parex,Temizlik Ürünü,Diğer Temizlik
Parex Mega Tüy Toplayıcı Rulo,Parex,Temizlik Ürünü,Diğer Temizlik
Parex Mini Tüy Toplayıcı Rulo,Parex,Temizlik Ürünü,Diğer Temizlik
Parex Tüy Toplayıcı Rulo,Parex,Temizlik Ürünü,Diğer Temizlik
Parex Akıllı Pişirme Kağıdı,Parex,Temizlik Ürünü,Diğer Temizlik
Parex Pişirme Kağıdı,Parex,Temizlik Ürünü,Diğer Temizlik
Parex Alüminyum Folyo,Parex Alüminyum Folyo,Temizlik Ürünü,Diğer Temizlik
Parex Streç Film,Parex,Temizlik Ürünü,Diğer Temizlik
Parex Kilitli Buzdolabı Poşeti,Parex,Temizlik Ürünü,Diğer Temizlik
Parex Buzdolabı Poşeti,Parex,Temizlik Ürünü,Diğer Temizlik
Parex Güçlü Çöp Torbası,Parex,Temizlik Ürünü,Diğer Temizlik
Parex Büzgülü Çöp Torbası  Çilek / Limon / Lavanta Büyük Boy,Parex,Temizlik Ürünü,Diğer Temizlik
Arçelik K 8130 PV in love Renkli El Blenderı,Arçelik K 8130 PV in love Renkli El Blenderı,Elektronik Ürün,Diğer Elektronik
Arçelik K 8520 Eternity El Blenderı,Arçelik,Elektronik Ürün,Diğer Elektronik
Arçelik K 8235 in love Lal El Blenderı,Arçelik K 8235 in love Lal El Blenderı,Elektronik Ürün,Diğer Elektronik
Arçelik K 8525 Eternity El Blenderı,Arçelik,Elektronik Ürün,Diğer Elektronik
Arçelik K 1190 Robolio Mutfak Robotu,Arçelik K 1190 Robolio Mutfak Robotu,Elektronik Ürün,Diğer Elektronik
Arçelik Kıyma Makinesi,Arçelik,Elektronik Ürün,Diğer Elektronik
Arçelik Yoğurt Makinesi,Arçelik,Elektronik Ürün,Diğer Elektronik
Arçelik Telve Türk Kahve Makinesi,Arçelik,Elektronik Ürün,Diğer Elektronik
Arçelik Mikrodalga Fırın,Arçelik Mikrodalga Fırın,Elektronik Ürün,Diğer Elektronik
Arçelik Love Buhar Kazanlı Ütü,Arçelik Love Buhar Kazanlı Ütü,Elektronik Ürün,Diğer Elektronik
Arçelik Su Sebili,Arçelik,Elektronik Ürün,Diğer Elektronik
Arçelik Sensimeter Bluetooth Tartı Banyo Tartısı,Arçelik Sensimeter Bluetooth Tartı Banyo Tartısı,Elektronik Ürün,Diğer Elektronik
Power Prox Ultra Canlı Renkler Toz Çamaşır Deterjanı 9 kg,Power Prox,Temizlik Ürünü,Diğer Temizlik
Alalin Tüm Renkli Giysiler için Sıvı Deterjan 1 Litre,Alalin Tüm Renkli Giysiler için Sıvı Deterjan 1 Litre,Temizlik Ürünü,Çamaşır Temizliği
Alalin Tüm Renkli Giysiler için Sıvı Deterjan 3 Litre,Alalin Tüm Renkli Giysiler için Sıvı Deterjan 3 Litre,Temizlik Ürünü,Çamaşır Temizliği
Alalin Siyah ve Koyu Renkli Giysiler için Sıvı Deterjan 1 Litre,Alalin Siyah ve Koyu Renkli Giysiler için Sıvı Deterjan 1 Litre,Temizlik Ürünü,Çamaşır Temizliği
Alalin Siyah ve Koyu Renkli Giysiler için Sıvı Deterjan 3 Litre,Alalin Siyah ve Koyu Renkli Giysiler için Sıvı Deterjan 3 Litre,Temizlik Ürünü,Çamaşır Temizliği
Alalin 60'lı Pamuklu Bebek Kulak Çubuğu,Alalin 60'lı Pamuklu Bebek Kulak Çubuğu,Temizlik Ürünü,Diğer Temizlik
Alalin 300'lü Pamuklu Kulak Çubuğu,Alalin 300'lü Pamuklu Kulak Çubuğu,Temizlik Ürünü,Diğer Temizlik
Alalin 200'lü Pamuklu Kulak Çubuğu,Alalin 200'lü Pamuklu Kulak Çubuğu,Temizlik Ürünü,Diğer Temizlik
Alalin 100'lü Pamuklu Kulak Çubuğu,Alalin 100'lü Pamuklu Kulak Çubuğu,Temizlik Ürünü,Diğer Temizlik
"Alalin Limon Çiçeği 1500 ml, Doğal Zeytinyağlı Sıvı Sabun","Alalin Limon Çiçeği 1500 ml, Doğal Zeytinyağlı Sıvı Sabun",Temizlik Ürünü,Kişisel Temizlik
"Alalin Kiraz Çiçeği 1500 ml, Doğal Zeytinyağlı Sıvı Sabun","Alalin Kiraz Çiçeği 1500 ml, Doğal Zeytinyağlı Sıvı Sabun",Temizlik Ürünü,Kişisel Temizlik
"Alalin Gülün Büyüsü 1500 ml, Doğal Zeytinyağlı Sıvı Sabun","Alalin Gülün Büyüsü 1500 ml, Doğal Zeytinyağlı Sıvı Sabun",Temizlik Ürünü,Kişisel Temizlik
Bingo Elde Yıkama Toz Çamaşır Deterjan,Bingo Elde Yıkama Toz Çamaşır Deterjan,Temizlik Ürünü,Çamaşır Temizliği
Bingo Matik Parfümsüz Toz Çamaşır Deterjanı,Bingo,Temizlik Ürünü,Diğer Temizlik
Bingo Matik Renkliler İçin Lovely Parfümlü Toz Çamaşır Deterjanı,Bingo,Temizlik Ürünü,Diğer Temizlik
Bingo Matik Erguvan Esintisi Toz Çamaşır Deterjanı,Bingo,Temizlik Ürünü,Diğer Temizlik
Bingo Matik Sensitive Parfümlü Toz Çamaşır Deterjanı,Bingo,Temizlik Ürünü,Diğer Temizlik
Eti Matik,Eti,Temizlik Ürünü,Diğer Temizlik
Wunschome Lavabo Temizleyici 500 CC,Wunschome Lavabo Temizleyici 500 CC,Temizlik Ürünü,Diğer Temizlik
Wunschome Lavabo Temizleyici 1 LT,Wunschome,Temizlik Ürünü,Diğer Temizlik
Wunschome Yağ Sökücü 1 LT,Wunschome,Temizlik Ürünü,Diğer Temizlik
Wunschome Yağ Sökücü 500 CC,Wunschome,Temizlik Ürünü,Diğer Temizlik
Wunschome Leke Sökücü 500 CC,Wunschome,Temizlik Ürünü,Diğer Temizlik
Wunschome Leke Sökücü 1 LT,Wunschome,Temizlik Ürünü,Diğer Temizlik
Wunschome T.E.T. / Genel Temizlik Sensitive 1 LT,Wunschome,Temizlik Ürünü,Diğer Temizlik
Wunschome Ahşap Temizleyici 1 LT,Wunschome,Temizlik Ürünü,Diğer Temizlik
SİTRETT MX Ultra Konsantre Çok Amaçlı Temizleyici ENDÜSTRİYEL,SİTRETT MX Ultra Konsantre Çok Amaçlı Temizleyici ENDÜSTRİYEL,Temizlik Ürünü,Diğer Temizlik
SİTRETT MX Çok Amaçlı Temizleyici PREMİUM,SİTRETT MX Çok Amaçlı Temizleyici PREMİUM,Temizlik Ürünü,Diğer Temizlik
SİTRETT MX Çok Amaçlı Temizleyici PRO,SİTRETT MX Çok Amaçlı Temizleyici PRO,Temizlik Ürünü,Diğer Temizlik
Power Prox En Uygun Toz Çamaşır Deterjanı Renkli ve Beyazlar 2’si 1 Arada 9 KG Ekonomi Paketi,Power Prox,Temizlik Ürünü,Diğer Temizlik
"Alalin Okyanus Ferahlığı 1500 ml, Doğal Zeytinyağlı Sıvı Sabun",Fe,Temizlik Ürünü,Kişisel Temizlik
"Alalin Zeytin Çiçeği 1500 ml, Doğal Zeytinyağlı Sıvı Sabun","Alalin Zeytin Çiçeği 1500 ml, Doğal Zeytinyağlı Sıvı Sabun",Temizlik Ürünü,Kişisel Temizlik
"Alalin Zeytin Çiçeği, Doğal Zeytinyağlı Sıvı Sabun","Alalin Zeytin Çiçeği, Doğal Zeytinyağlı Sıvı Sabun",Temizlik Ürünü,Kişisel Temizlik
"Alalin Okyanus Ferahlığı, Doğal Zeytinyağlı Sıvı Sabun",Alalin,Temizlik Ürünü,Kişisel Temizlik
"Alalin Kiraz Çiçeği, Doğal Zeytinyağlı Sıvı Sabun","Alalin Kiraz Çiçeği, Doğal Zeytinyağlı Sıvı Sabun",Temizlik Ürünü,Kişisel Temizlik
"Alalin Gülün Büyüsü, Doğal Zeytinyağlı Sıvı Sabun","Alalin Gülün Büyüsü, Doğal Zeytinyağlı Sıvı Sabun",Temizlik Ürünü,Kişisel Temizlik
"Alalin Bodrum Lavantası, Doğal Zeytinyağlı Sıvı Sabun",Alalin,Temizlik Ürünü,Kişisel Temizlik
"Alalin Limon Çiçeği, Doğal Zeytinyağlı Sıvı Sabun","Alalin Limon Çiçeği, Doğal Zeytinyağlı Sıvı Sabun",Temizlik Ürünü,Kişisel Temizlik
Etimaden Boron Sıvı Deterjan Doğal Renkler,Etimaden Boron,Temizlik Ürünü,Çamaşır Temizliği
Etimaden Boron Sıvı Deterjan Doğal Temizlik,Etimaden Boron,Temizlik Ürünü,Çamaşır Temizliği
Parex Dış Mekan Süpürge,Parex,Temizlik Ürünü,Diğer Temizlik
Bingo Dynamic Hasbahçe Doğa Kokulu Sıvı Bulaşık Deterjanı,Bingo,Temizlik Ürünü,Diğer Temizlik
Bingo Dynamic Saray Mutfağı Elma&Tarçın Kokulu Sıvı Bulaşık Deterjanı,Bingo,Temizlik Ürünü,Diğer Temizlik
Bingo Fresh Lavanta Çiçekleri Sert Yüzey Temizleyici,Bingo,Temizlik Ürünü,Diğer Temizlik
Bingo Fresh Mutlu Yuvam Sert Yüzey Temizleyici,Bingo,Temizlik Ürünü,Diğer Temizlik
Bingo Fresh Pembe Düşler Sert Yüzey Temizleyici,Bingo,Temizlik Ürünü,Diğer Temizlik
Bingo Fresh Star Sert Yüzey Temizleyici,Bingo,Temizlik Ürünü,Diğer Temizlik
Bingo Fresh Lovely Sert Yüzey Temizleyici,Bingo,Temizlik Ürünü,Diğer Temizlik
Bingo Soft Konsantre Star Yumuşatıcı,Bingo,Temizlik Ürünü,Çamaşır Temizliği
Bingo Soft Konsantre Lovely Yumuşatıcı,Bingo,Temizlik Ürünü,Çamaşır Temizliği
Bingo Soft Konsantre Ada Ferahlığı Yumuşatıcı,Bingo,Temizlik Ürünü,Çamaşır Temizliği
Bingo Soft Konsantre Sensitive Yumuşatıcı,Bingo,Temizlik Ürünü,Çamaşır Temizliği
Bingo Soft Konsantre Lavanta Rüzgarı Yumuşatıcı,Bingo,Temizlik Ürünü,Çamaşır Temizliği
Bingo Soft Konsantre Bahar Uyanışı Yumuşatıcı,Bingo,Temizlik Ürünü,Çamaşır Temizliği
Bingo Soft Star Standart Yumuşatıcı,Bingo Soft Star Standart Yumuşatıcı,Temizlik Ürünü,Çamaşır Temizliği
Bingo Soft Lovely Standart Yumuşatıcı,Bingo,Temizlik Ürünü,Çamaşır Temizliği
Bingo Soft Ada Ferahlığı Standart Yumuşatıcı,Bingo,Temizlik Ürünü,Çamaşır Temizliği
Bingo Soft Sensitive Standart Yumuşatıcı,Bingo,Temizlik Ürünü,Çamaşır Temizliği
Bingo Soft Lavanta Rüzgarı Standart Yumuşatıcı,Bingo,Temizlik Ürünü,Çamaşır Temizliği
Bingo Soft Bahar Uyanışı Standart Yumuşatıcı,Bingo,Temizlik Ürünü,Çamaşır Temizliği
Bingo Matik Sıvı Parfümsüz Sıvı Çamaşır Deterjanı,Bingo,Temizlik Ürünü,Diğer Temizlik
Bingo Matik Sıvı Ergüvan Esintisi Sıvı Çamaşır Deterjanı,Bingo,Temizlik Ürünü,Diğer Temizlik
Bingo Matik Sıvı Narin Sıvı Çamaşır Deterjanı,Bingo,Temizlik Ürünü,Diğer Temizlik
Bingo Matik Sıvı Renkli Sıvı Çamaşır Deterjanı,Bingo,Temizlik Ürünü,Diğer Temizlik
Bingo Matik Sıvı Siyah Sıvı Çamaşır Deterjanı,Bingo Matik Sıvı Siyah Sıvı Çamaşır Deterjanı,Temizlik Ürünü,Diğer Temizlik
